-8,2.8066438062524e-13,3.21964677141295e-15,-8,2.44249065417534e-15,1.55431223447522e-15
2.99538172043867e-13,-8,9.32587340685131e-15,-8,2.19824158875781e-13,2.22044604925031e-16
1.27453603226968e-13,-7.99999999999997,-8,-8,0,-2.22044604925031e-16
-8,1.38666855775682e-13,4.41424674590962e-13,1.11022302462516e-16,1.70974345792274e-14,2.03614902716254e-13
3.80362408236579e-13,2.68896016564213e-13,-1.11022302462516e-16,4.66293670342566e-15,-7.99999999999998,6.66133814775094e-16
1.11022302462516e-14,-8,-8,2.50910403565285e-14,-2.22044604925031e-16,6.4170890823334e-14
-8,-8,-7.99999999999978,0,-7.99999999999998,0
-8,4.88498130835069e-15,2.1538326677728e-14,4.05342426290645e-13,3.69704267200177e-13,4.39648317751562e-14
-8,-8,-8,1.11022302462516e-16,-2.22044604925031e-16,-7.99999999999998
-8,-8,2.48689957516035e-13,5.08482145278322e-14,2.22044604925031e-16,-8
-6.66133814775094e-16,-8,-8,-8,-1.11022302462516e-16,2.22044604925031e-16
1.13686837721616e-13,-8,1.66533453693773e-14,2.22044604925031e-16,1.35447209004269e-14,-8
6.66133814775094e-15,-8,-2.22044604925031e-16,-2.22044604925031e-16,-8,-8
4.03010957938932e-14,1.01474384450739e-13,5.44009282066327e-15,-2.22044604925031e-16,2.59792187762287e-14,-8
-8,0,3.33066907387547e-15,1.77635683940025e-15,2.33146835171283e-15,4.88720175439994e-13
2.89546164822241e-13,-2.22044604925031e-16,2.1316282072803e-14,4.73621142305092e-13,-8,8.88178419700125e-16
-8,-8,1.800781745942e-13,-8,4.68514116391816e-14,5.95412608106471e-13
-8,-7.99999999999997,2.8421709430404e-14,2.22044604925031e-16,-8,6.0329519158131e-13
-8,-8,-7.99999999999996,0,4.78728168218368e-13,2.99760216648792e-14
5.38680211548126e-13,0,1.55431223447522e-15,-8,4.2854608750531e-13,-8
-7.99999999999994,-8,-8,1.02140518265514e-13,1.57207580286922e-13,1.33226762955019e-15
-8,-8,3.81028542051354e-13,2.22044604925031e-16,-8,7.50510764646606e-14
-7.99999999999996,-8,-8,-4.44089209850063e-16,3.26405569239796e-14,6.66133814775094e-14
-8,1.15685239165941e-13,-4.44089209850063e-16,2.68673971959288e-14,5.3534954247425e-13,2.22044604925031e-16
-8,6.66133814775094e-16,0,-8,2.89768209427166e-13,2.80886425230165e-14
0,-2.22044604925031e-16,1.11022302462516e-15,0,-8,5.65103519534205e-14
-8,0,-8,1.99840144432528e-15,5.55111512312578e-16,-8
1.07913677993565e-13,-8,-7.99999999999995,-4.44089209850063e-16,-7.99999999999997,-8
2.22044604925031e-16,1.99062988315291e-13,5.98632254877884e-13,2.22044604925031e-16,-8,5.34794430961938e-13
0,-8,-8,3.28403970684121e-13,-7.99999999999998,-2.22044604925031e-16
4.39537295449099e-13,2.22044604925031e-16,6.66133814775094e-16,-1.11022302462516e-16,-4.44089209850063e-16,2.28483898467857e-13
2.22044604925031e-16,-7.99999999999995,-6.66133814775094e-16,-8,0,-7.99999999999996
0,-8,-7.99999999999991,2.22044604925031e-16,4.23439061592035e-13,3.17523785042795e-13
6.54365450714067e-13,6.29496454962464e-14,2.32036612146658e-14,-8,-8,-8
2.22044604925031e-16,-7.99999999999999,8.06021915877864e-14,4.44089209850063e-16,-8,5.19695397827036e-13
2.22044604925031e-16,4.44089209850063e-16,7.21644966006352e-15,7.14983627858601e-14,4.04565270173407e-13,2.22044604925031e-16
8.45545855554519e-13,4.44089209850063e-16,-8,-2.22044604925031e-16,4.44089209850063e-16,-8
4.86277684785819e-14,-8,8.06243960482789e-13,-2.22044604925031e-16,5.6843418860808e-14,0
-8,1.94289029309402e-14,4.56301663120939e-13,2.55795384873636e-13,0,4.26547686060985e-13
4.29656310529936e-13,-1.11022302462516e-16,0,0,-8,-8
-7.9999999999998,-8,-8,0,1.3988810110277e-14,-8
4.44089209850063e-16,-7.99999999999984,2.22044604925031e-16,3.35287353436797e-14,-8,6.66133814775094e-16
-8,-2.22044604925031e-16,0,-2.22044604925031e-16,-8,4.21884749357559e-15
-8,7.14983627858601e-14,6.66133814775094e-16,2.22044604925031e-16,2.22044604925031e-16,-8
-8,5.09370323698022e-13,1.13464793116691e-13,-8,-7.99999999999999,4.44089209850063e-16
-1.11022302462516e-16,-8,7.32747196252603e-15,4.44089209850063e-16,-3.33066907387547e-16,-2.22044604925031e-16
6.66133814775094e-16,7.105427357601e-15,-8,5.6843418860808e-14,-8,3.70925512527265e-13
-8,-8,5.30686605770825e-14,1.73194791841524e-14,2.22044604925031e-16,2.46469511466785e-14
0,5.85864690094695e-13,2.3125945602942e-13,-8,0,3.33066907387547e-16
2.22044604925031e-16,-2.22044604925031e-16,3.96349619791181e-13,-8,-8,-7.99999999999992
2.16493489801906e-13,-7.99999999999998,-8,-1.11022302462516e-16,2.22044604925031e-16,1.11022302462516e-16
3.11306536104894e-13,-8,-8,1.74971148680925e-13,-8,-8
-8,2.22044604925031e-16,-8,1.69864122767649e-14,-8,-8
-8,2.16049400592055e-13,2.73780997872564e-13,2.71338507218388e-13,0,3.66373598126302e-15
3.30180327523522e-13,9.65894031423886e-15,-1.11022302462516e-16,2.22044604925031e-16,-7.99999999999975,3.30513394430909e-13
2.20268248085631e-13,0,5.32018873400375e-13,-2.22044604925031e-16,2.8510527272374e-13,3.521627434111e-13
1.11022302462516e-15,-8,-8,-2.22044604925031e-16,-5.55111512312578e-16,3.33066907387547e-15
-7.99999999999995,-8,3.65707464311527e-13,-8,1.98729921407903e-13,-8
9.78106484694763e-14,7.17204073907851e-14,3.21964677141295e-15,4.89497331557232e-13,2.76001443921814e-13,-4.44089209850063e-16
-2.22044604925031e-16,3.33066907387547e-16,2.98872038229092e-13,8.88178419700125e-16,-8,3.33066907387547e-16
1.31339383813156e-13,-8,1.26565424807268e-14,2.24265050974282e-14,1.0991207943789e-13,-8
-8,-2.22044604925031e-16,-8,-2.22044604925031e-16,5.24691401437849e-13,6.66133814775094e-16
4.44089209850063e-16,-8,-6.66133814775094e-16,4.4353409833775e-13,-8,2.22044604925031e-16
7.68274333040608e-14,1.74638081773537e-13,-8,1.63868918434673e-13,-8,-7.99999999999984
1.11022302462516e-16,-8,2.73114864057789e-13,0,2.22044604925031e-16,3.5527136788005e-15
1.17683640610267e-14,2.92987856198579e-13,-8,-8,2.35145236615608e-13,3.17523785042795e-13
2.22044604925031e-16,3.27515792264421e-14,2.51687559682523e-13,1.17239551400417e-13,0,0
-8,1.11022302462516e-16,-8,-8,-1.11022302462516e-16,2.66453525910038e-15
2.35367281220533e-14,5.90860693705508e-13,-2.22044604925031e-16,1.15796261468404e-13,2.90878432451791e-14,2.07611705604904e-14
1.20348175869367e-13,-8,-8,3.73923114693753e-13,-8,-2.22044604925031e-16
-8,0,2.33146835171283e-15,-7.99999999999999,-2.22044604925031e-16,3.38618022510673e-14
-6.66133814775094e-16,-8,3.28626015289046e-14,2.55351295663786e-14,4.88498130835069e-14,-4.44089209850063e-16
4.46309655899313e-14,2.22044604925031e-16,9.34807786734382e-14,4.69846384021366e-13,0,-2.22044604925031e-16
6.66133814775094e-16,-7.99999999999999,0,3.28626015289046e-13,3.73256980878978e-13,2.22044604925031e-16
5.43565192856477e-13,3.00204305858642e-13,-8,3.10862446895044e-15,-8,5.64659430324355e-13
-8,-8,0,7.46069872548105e-14,4.44089209850063e-16,-8
2.22044604925031e-16,9.32587340685131e-15,3.25184323912708e-13,-8,5.24025267623074e-14,2.56239474083486e-13
4.01900734914307e-14,-8,1.00142116821189e-13,2.22044604925031e-16,7.70494779089859e-13,2.22044604925031e-16
6.29496454962464e-14,3.50830475781549e-14,0,4.44089209850063e-16,-2.22044604925031e-16,1.11022302462516e-16
-8,-7.99999999999992,6.63469279515994e-13,-8,1.02251540567977e-13,-8
-8,6.66133814775094e-16,1.19348975147204e-13,-8,-8,2.37587727269783e-14
2.1316282072803e-14,8.99280649946377e-15,-2.22044604925031e-16,3.75255382323303e-14,3.33066907387547e-16,-8
-8,2.22044604925031e-16,8.88178419700125e-14,-7.99999999999999,-8,1.06692432666478e-13
1.19015908239817e-13,5.39346345362901e-13,-8,3.29070104498896e-13,-7.99999999999999,-4.44089209850063e-16
-8,5.03819208574896e-13,3.99458244260131e-13,5.8697491311932e-13,1.3855583347322e-13,0
3.19744231092045e-14,-2.22044604925031e-16,1.72528658026749e-13,2.22044604925031e-15,2.66453525910038e-15,-8
6.01740879346835e-14,-3.33066907387547e-16,-2.22044604925031e-16,2.8288482667449e-13,2.22044604925031e-16,-8
-2.22044604925031e-16,-8,2.22044604925031e-16,-8,8.88178419700125e-16,5.59552404411079e-14
-8,1.26565424807268e-14,3.32622818177697e-13,-8,4.97601959636995e-13,-2.22044604925031e-16
3.61710661422876e-13,4.9960036108132e-14,-4.44089209850063e-16,-7.99999999999991,2.22044604925031e-16,1.02806652080289e-13
5.77315972805081e-14,7.32747196252603e-15,8.88178419700125e-16,2.22044604925031e-16,-2.22044604925031e-16,1.85362836191416e-12
4.04121180963557e-14,-8,2.22044604925031e-16,-8,1.11022302462516e-16,4.44089209850063e-16
-8,0,-8,6.52811138479592e-13,3.89355214736042e-13,-8
2.54796184151473e-13,-6.66133814775094e-16,-8,-7.99999999999999,-1.11022302462516e-16,9.31477117660506e-14
-8,-1.11022302462516e-16,2.22044604925031e-16,-8,2.22044604925031e-16,8.64752713880534e-13
-8,4.18109991073834e-13,2.22044604925031e-16,2.22044604925031e-16,1.97619698383278e-13,1.55431223447522e-15
3.05755420981768e-13,-8,7.50510764646606e-14,0,2.22044604925031e-16,1.34336985979644e-13
8.54871728961371e-14,-4.44089209850063e-16,2.22044604925031e-16,3.76365605347928e-13,-7.99999999999998,4.61852778244065e-14
-8,0,-8,-8,-8,-8
-8,-7.99999999999998,-8,-8,1.25011112572793e-13,9.31477117660506e-14
-8,4.44089209850063e-15,-8,-8,-4.44089209850063e-16,2.16049400592055e-13
-7.99999999999999,4.44089209850063e-16,-4.44089209850063e-16,0,-8,2.01949568179316e-13
1.88737914186277e-15,3.90798504668055e-14,-8,-8,-1.11022302462516e-16,-8
2.22044604925031e-16,4.96269692007445e-13,-8,-8,3.33066907387547e-16,-2.22044604925031e-16
-8,-2.22044604925031e-16,2.22044604925031e-16,2.68673971959288e-13,2.22044604925031e-16,-8
-2.22044604925031e-16,1.774136393351e-13,2.56017429478561e-13,0,7.7715611723761e-16,-8
-2.22044604925031e-16,-8,1.62314606200198e-13,6.66133814775094e-16,-8,-8
2.64233079860787e-14,-8,6.66133814775094e-16,4.59743354497277e-13,-8,0
-8,-2.22044604925031e-16,0,4.21884749357559e-15,-3.33066907387547e-16,4.99711383383783e-13
-8,3.33066907387547e-16,-8,1.99840144432528e-15,1.22124532708767e-15,-7.99999999999999
-1.11022302462516e-16,-8,5.32907051820075e-14,-8,-8,1.04360964314765e-14
-8,-8,-8,3.33066907387547e-16,-7.99999999999998,4.44089209850063e-16
5.55111512312578e-16,-8,0,2.61346499996762e-13,3.5527136788005e-15,-8
-2.22044604925031e-16,1.4432899320127e-15,-8,1.68753899743024e-14,-8,-8
8.88178419700125e-16,-8,6.68354260824344e-14,5.23581178413224e-13,1.11022302462516e-16,8.28226376370367e-14
3.26627613844721e-13,3.57269769324375e-13,-8,1.32449606837781e-13,2.22044604925031e-16,-8
3.43947093028873e-13,0,-2.22044604925031e-16,-8,-8,1.11022302462516e-16
4.66626737249953e-13,-8,3.14193115968919e-13,-2.22044604925031e-16,2.88657986402541e-15,0
4.2854608750531e-13,-8,-8,2.22044604925031e-15,-8,3.93018950717305e-14
-8,8.91731133378926e-13,-8,-8,2.74003042477489e-13,-8
2.22044604925031e-16,-8,0,1.93178806284777e-14,1.97397653778353e-13,3.46389583683049e-13
4.44089209850063e-16,6.68243238521882e-13,4.85611550971043e-13,2.22044604925031e-16,-8,-8
8.04911692853238e-14,-8,-8,7.24975635080227e-14,2.88657986402541e-15,7.38964445190504e-13
1.49880108324396e-14,5.22248910783674e-13,-2.22044604925031e-16,-8,1.32116539930394e-13,-3.33066907387547e-16
-8,-8,-8,-8,2.22044604925031e-16,0
-8,2.22044604925031e-16,1.84297022087776e-14,6.65023591750469e-14,-7.99999999999968,0
1.11022302462516e-16,-7.99999999999993,2.88657986402541e-15,-8,-8,-7.99999999999999
4.44089209850063e-16,-8,-7.99999999999997,-4.44089209850063e-16,2.22044604925031e-16,6.30606677987089e-13
1.37001521238744e-13,-8,1.31672450720544e-13,3.05311331771918e-14,-8,-8
1.07469588783715e-13,6.17284001691587e-14,9.54791801177635e-14,-2.22044604925031e-16,2.90878432451791e-14,1.55431223447522e-15
-8,2.22044604925031e-16,-8,5.45896661208189e-13,1.2134737659153e-13,-4.44089209850063e-16
1.12354570092066e-13,0,1.04916075827077e-13,-4.44089209850063e-16,-8,3.10862446895044e-15
5.73985303731206e-14,2.22044604925031e-16,-8,-4.44089209850063e-16,0,0
6.21724893790088e-13,-8,1.32227562232856e-13,0,-8,6.66133814775094e-16
-2.22044604925031e-16,2.61124455391837e-13,-8,4.44089209850063e-16,4.9693582582222e-13,2.22044604925031e-16
4.46309655899313e-13,2.13939976845268e-13,1.2667644710973e-13,5.89528426075958e-13,-8,-8
-8,-8,2.22044604925031e-16,-8,2.22044604925031e-16,-7.99999999999998
-8,-8,1.26565424807268e-14,0,-1.11022302462516e-16,-8
2.22044604925031e-16,-8,0,1.70974345792274e-14,3.37951888695898e-13,5.35127497869325e-13
8.43769498715119e-14,6.66133814775094e-16,-2.22044604925031e-16,1.16684439888104e-13,2.88657986402541e-15,5.72875080706581e-14
1.73194791841524e-13,2.02060590481778e-14,2.22044604925031e-16,-8,-8,-8
-8,2.22044604925031e-16,-8,-2.22044604925031e-16,5.99076344087734e-13,0
3.9190872769268e-13,-8,-8,1.80966353013901e-14,3.88133969408955e-13,1.84297022087776e-14
-2.22044604925031e-16,-7.99999999999997,-8,-1.11022302462516e-16,-4.44089209850063e-16,0
2.80442336020315e-13,-8,-8,4.44089209850063e-15,-8,-4.44089209850063e-16
-7.99999999999999,-8,4.37427871702312e-14,2.60347299274599e-13,3.27737836869346e-13,5.10702591327572e-15
0,-2.22044604925031e-16,1.3988810110277e-14,1.24344978758018e-14,8.66862137627322e-13,0
9.67004254448511e-14,-8,-8,1.77635683940025e-15,1.2134737659153e-13,-8
-8,0,-8,2.66231481305113e-13,2.77555756156289e-15,-8
1.88737914186277e-15,1.99840144432528e-14,-7.99999999999991,-8,-3.33066907387547e-16,2.85327317328665e-13
-8,-8,0,2.22044604925031e-16,3.78586051397178e-14,1.11022302462516e-16
-8,3.56381590904675e-13,2.22044604925031e-16,-7.99999999999984,-8,1.37889699658444e-13
-8,-8,-8,-8,1.46549439250521e-14,-7.99999999999998
1.45883305435746e-13,0,4.44089209850063e-16,2.22044604925031e-16,-8,0
-1.11022302462516e-16,-2.22044604925031e-16,2.22044604925031e-16,-8,2.94875235340442e-13,-4.44089209850063e-16
-8,-4.44089209850063e-16,-1.11022302462516e-16,3.9102054927298e-13,1.12354570092066e-13,1.02140518265514e-13
2.22044604925031e-16,3.33066907387547e-15,-2.22044604925031e-16,-2.22044604925031e-16,1.11022302462516e-16,6.88782364477447e-13
4.44089209850063e-16,-4.44089209850063e-16,0,-4.44089209850063e-16,4.15889545024584e-13,0
-7.99999999999994,1.11022302462516e-16,0,1.29896093881143e-13,4.44089209850063e-16,-8
-8,0,3.09974268475344e-13,1.87627691161651e-14,4.9293902293357e-13,-4.44089209850063e-16
1.11022302462516e-16,-8,2.35367281220533e-14,-8,-8,-8
-8,4.44089209850063e-16,-8,-2.22044604925031e-16,-7.99999999999985,0
0,2.04503081135954e-13,0,-2.22044604925031e-16,-2.22044604925031e-16,0
3.28181926079196e-13,2.22044604925031e-16,-8,-8,5.55111512312578e-16,-5.55111512312578e-16
-8,6.80788758700146e-13,9.28146448586631e-14,4.44089209850063e-16,-2.22044604925031e-16,4.44089209850063e-16
0,3.10862446895044e-15,-3.33066907387547e-16,-7.99999999999999,1.96509475358653e-13,-2.22044604925031e-16
2.68451927354363e-13,8.88178419700125e-16,5.31130694980675e-13,5.59996493620929e-13,-8,2.22044604925031e-16
-8,2.22044604925031e-16,-4.44089209850063e-16,2.1405099914773e-13,2.22044604925031e-16,0
-8,4.37871960912162e-13,-7.99999999999998,7.20534742981727e-14,5.50670620214078e-13,-8
-2.22044604925031e-16,5.55111512312578e-16,1.82076576038526e-13,1.2356782264078e-13,-2.22044604925031e-16,3.77475828372553e-15
6.66133814775094e-16,-2.22044604925031e-16,2.22044604925031e-16,3.24185123190546e-13,4.44089209850063e-16,2.42028619368284e-14
-8,-8,2.22044604925031e-16,3.31956684362922e-14,3.21964677141295e-14,0
1.48103751484996e-13,3.23074900165921e-14,-7.99999999999999,0,0,3.92130772297605e-13
1.80966353013901e-13,2.22044604925031e-16,-7.99999999999991,-8,-8,0
2.22044604925031e-16,-8,-7.99999999999986,-8,-7.99999999999999,-2.22044604925031e-16
-8,5.11146680537422e-13,-8,-8,1.2756462552943e-13,-8
-8,-8,-8,1.70974345792274e-14,4.94826402075432e-13,0
3.99680288865056e-15,-7.99999999999999,-8,5.19584375524573e-14,-8,4.59632332194815e-14
-8,-2.22044604925031e-16,3.24185123190546e-14,-8,6.66133814775094e-16,-2.22044604925031e-16
-8,2.22044604925031e-16,9.34807786734382e-14,2.22044604925031e-16,4.88498130835069e-15,5.81756864903582e-14
4.44089209850063e-16,3.46611628287974e-13,-8,-8,-8.88178419700125e-16,7.0832228971085e-14
0,-8,-2.22044604925031e-16,-2.22044604925031e-16,1.14575016141316e-13,-8
4.44089209850063e-16,-8,8.21565038222616e-15,4.44089209850063e-16,9.79216707719388e-14,2.22044604925031e-16
5.72875080706581e-14,5.1414428270391e-13,-8,4.44089209850063e-16,3.08642000845794e-14,-8
5.46451772720502e-13,5.55111512312578e-16,-8,0,6.66133814775094e-16,3.53272966435725e-13
6.22835116814713e-14,-8,-8,-8,-8,-2.22044604925031e-16
-8,5.44009282066327e-15,-8,0,5.1325610428421e-13,-8
-8,2.22044604925031e-16,-8,1.11022302462516e-15,-2.22044604925031e-16,6.61692922676593e-14
-8,-8,-8,4.19442258703384e-13,1.72528658026749e-13,-8
2.93765012315816e-13,-8,7.21422921401427e-13,-8,-8,4.51749748719976e-13
2.22044604925031e-16,-8,-4.44089209850063e-16,5.07704989161084e-13,8.01581023779363e-14,0
4.49418280368263e-13,2.22044604925031e-16,-8,0,1.53210777398272e-14,3.33066907387547e-16
-8,2.22044604925031e-16,3.33066907387547e-16,-8,-8,-8
6.66133814775094e-16,-8,-7.99999999999989,-8,5.55111512312578e-16,4.44089209850063e-16
3.83026943495679e-13,-8,-2.22044604925031e-16,-3.33066907387547e-16,0,0
3.95461441371481e-13,-7.99999999999998,1.11466391672366e-13,2.22044604925031e-16,3.62376795237651e-13,-2.22044604925031e-16
3.41948691584548e-14,4.66293670342566e-15,-1.11022302462516e-16,2.21378471110256e-13,4.44089209850063e-16,1.38111744263369e-12
8.74078587287386e-13,-8,-7.99999999999998,-3.33066907387547e-16,4.66293670342566e-15,5.01820807130571e-13
1.37889699658444e-13,-2.22044604925031e-16,3.38618022510673e-13,-8,-8,-8
1.11022302462516e-16,8.21565038222616e-15,1.94066984704477e-13,2.93542967710891e-13,3.47499806707674e-13,4.44089209850063e-16
-7.99999999999995,2.22044604925031e-16,-7.99999999999992,2.22044604925031e-16,1.0946799022804e-13,4.28324042900385e-13
-7.99999999999995,6.66133814775094e-16,2.22044604925031e-16,-8,-8,9.54791801177635e-14
-8,-2.22044604925031e-16,2.85327317328665e-14,-1.11022302462516e-16,1.66089364483923e-13,8.88178419700125e-16
2.42028619368284e-14,1.0413891970984e-13,6.10622663543836e-14,-8,-8,-8
-8,9.61453139325386e-13,4.44089209850063e-16,2.09721129351692e-13,8.88178419700125e-16,4.02233801821694e-13
1.63313806922361e-13,1.11022302462516e-15,-8,-8,1.99840144432528e-15,4.21884749357559e-15
1.99840144432528e-15,-8,2.22044604925031e-16,3.04423153352218e-13,3.70814490224802e-14,-8
-8,3.33066907387547e-16,1.2401191185063e-13,0,4.57411886145564e-14,-8
3.07531777821168e-14,1.90292226420752e-13,1.35447209004269e-14,2.22044604925031e-16,6.03628258488698e-13,2.28705943072782e-14
1.72084568816899e-13,-8,-8,-8,2.03836947321179e-13,3.33066907387547e-16
0,4.44089209850063e-16,-8,-8,-8,1.22124532708767e-14
-8,2.22044604925031e-16,3.05311331771918e-13,2.22044604925031e-16,4.44089209850063e-16,-8
-8,-8,-8,0,0,-7.99999999999985
1.11022302462516e-16,-8,-8,-7.99999999999998,-4.44089209850063e-16,5.28910248931425e-13
5.44675415881102e-13,-1.11022302462516e-16,-8,-8,2.66453525910038e-15,-8
1.46327394645596e-13,-2.22044604925031e-16,-4.44089209850063e-16,4.58744153775115e-13,-8,6.66133814775094e-16
2.10720330073855e-12,1.07758246770118e-12,6.66133814775094e-16,1.80300219199125e-13,1.80411241501588e-13,7.7715611723761e-15
5.79536418854332e-14,4.06341627012807e-14,-8,-8.88178419700125e-16,2.22044604925031e-16,-7.99999999999993
0,6.43929354282591e-15,-8,-7.9999999999999,-8,1.69420033557799e-13
-8,9.10382880192628e-14,2.22044604925031e-16,1.21014309684142e-14,-8,-8
-4.44089209850063e-16,2.69562150378988e-13,7.18314296932476e-14,-8,-8,1.33892896769794e-13
-8,-8,-7.99999999999999,6.66133814775094e-16,-8,-8
1.66200386786386e-13,-7.99999999999995,4.29212221320086e-13,-8,-7.99999999999998,7.68274333040608e-14
-8,-4.44089209850063e-16,-8,2.88657986402541e-14,-8,-7.99999999999997
1.89515070303514e-13,6.21724893790088e-14,4.38760139331862e-13,2.92654789291191e-13,2.22044604925031e-16,4.44089209850063e-16
-6.66133814775094e-16,-8,3.1818991885757e-13,-8,3.77475828372553e-14,-8
9.76996261670138e-14,-8,-8,0,-8,2.22044604925031e-16
5.23803223018149e-13,3.33066907387547e-16,9.65894031423886e-15,2.22044604925031e-16,4.68514116391816e-14,2.22044604925031e-16
3.33066907387547e-16,-8,3.08197911635943e-13,2.22044604925031e-16,0,-8
2.22044604925031e-16,2.22044604925031e-16,1.34248168137674e-12,-8,6.66133814775094e-15,8.65973959207622e-15
2.04947170345804e-13,2.24376073276744e-13,1.19904086659517e-14,-8,-8,-8
2.22044604925031e-16,5.06261699229071e-14,6.66133814775094e-16,2.95208302247829e-13,-3.33066907387547e-16,-8
-8,3.08642000845794e-14,2.92654789291191e-13,-8,-2.22044604925031e-16,4.44089209850063e-16
6.30606677987089e-14,1.30406796472471e-12,-2.22044604925031e-16,1.48658862997308e-13,-7.99999999999979,3.93463039927155e-13
-8,-8,0,3.97681887420731e-13,6.66133814775094e-16,0
3.25073301610246e-13,1.2223555501123e-13,5.55111512312578e-16,-8,2.06501482580279e-14,5.18696197104873e-13
-8,2.98649993624167e-14,-8,-8,2.692290834716e-13,1.05582209641852e-13
-2.22044604925031e-16,-7.99999999999988,2.22044604925031e-16,3.51940698806175e-14,-8,-8
-8,2.33146835171283e-15,2.22044604925031e-16,-8,2.01172412062078e-13,3.39728245535298e-14
4.78173056706055e-13,-4.44089209850063e-16,4.41868763800812e-13,3.66373598126302e-13,1.77635683940025e-13,2.88657986402541e-15
1.21125331986605e-13,-8,4.67514915669653e-13,-8,3.25517390820096e-13,2.22044604925031e-16
-8,4.44089209850063e-16,-8,8.39328606616618e-14,-8,2.22044604925031e-16
2.34479102800833e-13,1.99840144432528e-15,2.22044604925031e-16,2.52020626589911e-14,0,-8
2.22044604925031e-16,-4.44089209850063e-16,-7.99999999999996,-8,-8,7.07212066686225e-14
2.22044604925031e-16,2.22044604925031e-16,1.28785870856518e-14,2.17825757431456e-13,-8,8.88178419700125e-16
9.28146448586631e-14,9.25592935629993e-13,1.93178806284777e-14,4.04343225568482e-13,0,-4.44089209850063e-16
-8,-8,-8,4.82835993409481e-13,1.11022302462516e-16,5.22026866178749e-13
1.98729921407903e-14,2.18935980456081e-13,1.4432899320127e-15,0,1.21680443498917e-13,2.1538326677728e-13
4.10227407598995e-13,-7.99999999999994,2.22044604925031e-16,2.34701147405758e-13,4.44089209850063e-16,1.33892896769794e-13
-7.99999999999999,1.59872115546023e-14,4.44089209850063e-16,3.79696274421804e-13,3.95239396766556e-14,4.88498130835069e-15
2.22044604925031e-16,4.70734562441066e-13,-2.22044604925031e-16,-8,2.36477504245158e-13,-8
-7.99999999999996,1.27675647831893e-14,3.61044527608101e-13,-8,4.6074255521944e-14,2.22044604925031e-16
1.0946799022804e-13,6.66133814775094e-16,-8,0,1.05804254246777e-13,2.22044604925031e-16
-8,2.32258656751583e-13,-2.22044604925031e-16,0,-8,4.44089209850063e-16
-8,2.31814567541733e-13,-2.22044604925031e-16,-8,2.76445533131664e-13,-2.22044604925031e-16
3.574918139293e-14,6.66133814775094e-16,2.1538326677728e-14,1.87294624254264e-13,-2.22044604925031e-16,2.61568544601687e-13
4.68514116391816e-14,2.22044604925031e-16,-1.11022302462516e-16,5.26245713672324e-14,2.22044604925031e-16,8.65973959207622e-15
3.65707464311527e-13,0,-2.22044604925031e-16,4.44089209850063e-16,-8,-2.22044604925031e-16
4.15556478117196e-13,2.22044604925031e-16,0,-7.99999999999999,-8,2.87547763377916e-14
4.32986979603811e-15,9.99200722162641e-15,7.7715611723761e-16,3.60267371490863e-13,2.22044604925031e-16,-8
7.99360577730113e-15,3.92130772297605e-13,-8,-8,0,-8
-8,1.51656465163796e-13,2.29816166097407e-14,0,8.04023514433538e-13,2.51354492775135e-13
2.22044604925031e-16,5.77315972805081e-15,5.03375119365046e-13,-8,-8,-8
-8,1.7696955012525e-13,2.70672373403613e-13,-8,-8,7.4673600636288e-13
-8,4.25215418431435e-13,7.48290318597356e-14,2.22044604925031e-16,5.03486141667508e-13,-4.44089209850063e-16
-7.99999999999996,-8,6.21724893790088e-15,2.22044604925031e-16,2.17603712826531e-13,-8
1.05249142734465e-13,3.539391002505e-13,-8,2.22044604925031e-16,4.2366110619696e-13,-1.11022302462516e-16
-7.99999999999998,4.44089209850063e-16,4.2899017671516e-13,-2.22044604925031e-16,6.66133814775094e-16,-8
2.57571741713036e-13,-8,0,-3.33066907387547e-16,-8,-7.99999999999999
-8,2.22044604925031e-16,2.22044604925031e-16,0,2.77777800761214e-13,8.43769498715119e-15
-8,4.64184246595778e-13,2.02060590481778e-14,-7.99999999999988,2.22044604925031e-16,-7.99999999999999
-4.44089209850063e-16,1.03916875104915e-13,-3.33066907387547e-16,3.33066907387547e-16,5.36348743196413e-13,1.11022302462516e-16
0,2.22044604925031e-16,-8,9.9475983006414e-14,-8,2.22044604925031e-16
0,1.11022302462516e-16,-8,7.32747196252603e-15,1.88737914186277e-15,8.88178419700125e-16
6.66133814775094e-16,2.22044604925031e-16,2.56794585595799e-13,0,6.0507154842071e-13,-8
-8,0,-8,-8,-8,6.66133814775094e-16
8.63753513158372e-14,2.06501482580279e-14,4.66293670342566e-15,1.75415237890775e-13,-8,3.15303338993544e-14
3.72146757854352e-13,-2.22044604925031e-16,2.51687559682523e-13,8.06021915877864e-14,6.66133814775094e-15,4.44089209850063e-16
4.44089209850063e-16,9.49240686054509e-14,-4.44089209850063e-16,-2.22044604925031e-16,-2.22044604925031e-16,-1.11022302462516e-16
-8,0,-8,-1.11022302462516e-16,-8,4.3998138465895e-13
-2.22044604925031e-16,2.13828954542805e-13,-8,3.9057646006313e-13,-4.44089209850063e-16,5.59552404411079e-14
-7.99999999999992,1.11022302462516e-15,-8,4.61852778244065e-14,1.75859327100625e-13,-8
2.22044604925031e-16,5.54001289287953e-14,-8,1.38111744263369e-13,-8,-4.44089209850063e-16
1.11022302462516e-16,0,7.0832228971085e-14,4.44089209850063e-16,1.53210777398272e-14,5.52891066263328e-14
4.44089209850063e-16,5.50448575609153e-13,-8,-7.99999999999971,4.44089209850063e-16,6.43929354282591e-15
-7.99999999999999,-8,3.33066907387547e-16,-8,-8,5.91526827520283e-13
-8,-8,2.98649993624167e-14,3.47943895917524e-13,-8,2.22044604925031e-16
-7.99999999999986,6.66133814775094e-15,-8,-2.22044604925031e-16,2.22044604925031e-16,6.66133814775094e-16
-8,0,8.43769498715119e-15,2.22044604925031e-16,-2.22044604925031e-16,-4.44089209850063e-16
-7.99999999999997,1.34114941374719e-13,0,-4.44089209850063e-16,2.28483898467857e-13,3.56825680114525e-13
-8,-8,-2.22044604925031e-16,0,4.55857573911089e-13,2.88657986402541e-15
4.57855975355415e-13,2.22044604925031e-16,-8,7.7715611723761e-16,-7.99999999999995,-8
-8,5.44009282066327e-14,-2.22044604925031e-16,4.08562073062058e-14,0,5.99520433297585e-15
-1.11022302462516e-16,0,2.35367281220533e-13,-8,4.44089209850063e-16,0
-8,6.66133814775094e-16,0,8.88178419700125e-16,1.57651669496772e-14,2.22044604925031e-16
1.31006316905768e-14,8.01581023779363e-14,-4.44089209850063e-16,2.93876034618279e-13,1.18127729820117e-13,2.22044604925031e-16
-8,1.03028696685215e-13,-8,-4.44089209850063e-16,5.47339951140202e-13,-7.99999999999992
-8,6.86117829218347e-14,-2.22044604925031e-16,1.22124532708767e-15,1.4432899320127e-15,-8
1.28785870856518e-14,2.22044604925031e-16,-2.22044604925031e-16,2.53130849614536e-14,0,3.566036355096e-13
-2.22044604925031e-16,1.11022302462516e-16,-8,0,0,-8
-8,3.09752223870419e-14,-2.22044604925031e-16,1.4210854715202e-13,3.530509218308e-13,2.64011035255862e-13
-8,-8,-8,-8,0,1.11022302462516e-16
-8,2.22044604925031e-16,-8,-8,3.99680288865056e-15,6.43929354282591e-15
2.22044604925031e-16,-8,-8,2.22044604925031e-16,-8,2.22044604925031e-16
1.55431223447522e-15,4.44089209850063e-16,-8,-8,5.04929431599521e-13,0
-8,2.22044604925031e-16,6.32827124036339e-14,5.43898259763864e-13,5.6532556413913e-13,3.95239396766556e-14
-8,7.6083583877562e-13,-8,9.14823772291129e-14,3.5527136788005e-15,-8
2.66453525910038e-15,-8,-8,-3.33066907387547e-16,-8,-8
4.44089209850063e-16,1.4432899320127e-15,3.77919917582403e-13,1.41620049021185e-12,-4.44089209850063e-16,-8
1.73194791841524e-14,4.93161067538495e-13,2.22044604925031e-16,-7.99999999999994,-8,-8
-7.99999999999995,4.52748949442139e-13,-8,6.67244037799719e-13,4.44089209850063e-16,-8
-3.33066907387547e-16,1.11022302462516e-16,4.44089209850063e-16,2.94653190735517e-13,8.32667268468867e-14,-8
2.79332112995689e-13,-7.99999999999997,-8,2.22044604925031e-16,7.54951656745106e-15,4.37427871702312e-14
2.46913600676635e-13,-8,3.1685765122802e-13,1.11022302462516e-15,2.22044604925031e-16,-6.66133814775094e-16
2.1316282072803e-14,4.44089209850063e-16,1.55431223447522e-15,4.47974990436251e-13,-8,1.9240165016754e-13
1.99840144432528e-15,-4.44089209850063e-16,7.19424519957101e-14,-8,-8,-8
-8,1.75415237890775e-14,-4.44089209850063e-16,1.11022302462516e-16,6.66133814775094e-16,4.44089209850063e-16
-8,-2.22044604925031e-16,2.22044604925031e-16,-2.22044604925031e-16,4.30322444344711e-13,4.44089209850063e-16
-8,5.55111512312578e-15,0,1.11022302462516e-15,-8,1.11022302462516e-16
5.10036457512797e-13,2.22044604925031e-16,-8,1.64090963039598e-13,0,-8
5.13145081981747e-13,-8,4.59299265287427e-13,-8,2.89990254032091e-13,-4.44089209850063e-16
2.02282635086704e-13,-8,1.11022302462516e-16,-3.33066907387547e-16,-2.22044604925031e-16,-7.99999999999996
-8,-7.99999999999998,2.18935980456081e-13,5.28466159721575e-14,1.50102152929321e-13,4.37871960912162e-13
0,4.44089209850063e-16,-8,4.44089209850063e-16,0,4.44089209850063e-16
2.37920794177171e-13,-8,-8,-8,2.22044604925031e-16,1.09834363826167e-12
-2.22044604925031e-16,-1.11022302462516e-16,-1.11022302462516e-16,6.66133814775094e-16,0,-8
1.77635683940025e-14,2.68896016564213e-13,1.11022302462516e-16,-6.66133814775094e-16,3.96127575186256e-13,-8
1.65201186064223e-13,1.47659662275146e-14,-7.99999999999999,4.30766533554561e-14,1.11022302462516e-16,4.12336831345783e-13
1.45772283133283e-13,-8,-8,5.6843418860808e-14,2.71338507218388e-13,9.99200722162641e-16
-8,-8,4.21884749357559e-15,-8,-5.55111512312578e-16,-8
1.77635683940025e-15,4.21218615542784e-13,6.66133814775094e-16,8.88178419700125e-16,0,2.22044604925031e-16
-8,-8,5.77315972805081e-15,1.11022302462516e-16,-8,2.22044604925031e-16
-4.44089209850063e-16,-8,5.55111512312578e-15,1.45772283133283e-13,3.00315328161105e-13,4.15223411209809e-13
1.17017506795491e-13,2.22044604925031e-16,5.313527395856e-13,4.44089209850063e-16,-8,5.90638649100583e-14
5.10702591327572e-15,5.83977310952832e-14,-8,-8,2.22044604925031e-16,-2.22044604925031e-16
6.66133814775094e-16,1.3988810110277e-14,0,-8,-8,-7.99999999999989
-7.99999999999995,-2.22044604925031e-16,4.44089209850063e-16,-8,3.3362201889986e-13,5.52891066263328e-14
-8,1.02140518265514e-14,-8,1.26565424807268e-14,-2.22044604925031e-16,1.56763491077072e-13
1.11022302462516e-16,3.95794508278868e-13,2.19824158875781e-14,-8,-8,-8
-8,4.66293670342566e-15,1.11022302462516e-16,4.44089209850063e-16,2.22044604925031e-13,4.44089209850063e-15
-8,1.01030295240889e-14,1.28785870856518e-14,-8,1.01030295240889e-13,-4.44089209850063e-16
5.45341549695877e-13,-8,2.22044604925031e-16,-8,6.66133814775094e-16,-8
-3.33066907387547e-16,2.22044604925031e-16,-2.22044604925031e-16,-3.33066907387547e-16,0,4.59743354497277e-13
4.44089209850063e-16,-8,-8,-6.66133814775094e-16,-2.22044604925031e-16,-8
4.2854608750531e-14,4.35651514862911e-13,5.37347943918576e-14,-8,5.73763259126281e-13,-8
5.46451772720502e-13,-2.22044604925031e-16,8.45989944764369e-13,0,-2.22044604925031e-16,2.41251463251047e-13
-7.99999999999995,4.44089209850063e-16,7.59392548843607e-14,0,-2.22044604925031e-16,-1.11022302462516e-16
2.1094237467878e-15,5.32907051820075e-15,5.26245713672324e-14,-7.99999999999992,1.19015908239817e-13,-8
-8,3.97570865118269e-13,2.53130849614536e-14,4.44089209850063e-16,-8,3.5527136788005e-13
4.44089209850063e-16,2.22044604925031e-16,2.58237875527811e-13,7.74935671188359e-14,-2.22044604925031e-16,1.11022302462516e-16
-7.99999999999999,-2.22044604925031e-16,0,-2.22044604925031e-16,1.35447209004269e-14,0
5.62883073484954e-13,3.33066907387547e-16,2.22044604925031e-16,-8,1.01696429055664e-13,-7.99999999999998
-8,6.66133814775094e-16,3.64153152077051e-14,1.0325074129014e-13,2.10831352376317e-13,4.62740956663765e-13
4.09672296086683e-13,-8,-8,-7.99999999999996,6.30828722592014e-13,-8
0,-8,-8,-8,-5.55111512312578e-16,-2.22044604925031e-16
4.04565270173407e-13,-8,1.99840144432528e-15,5.50892664819003e-13,1.33226762955019e-15,4.44089209850063e-16
5.47895062652515e-13,-2.22044604925031e-16,-8,2.22044604925031e-16,-8,7.13873404833976e-13
4.44089209850063e-16,2.22044604925031e-16,-8,-8,-8,-8
-8,4.67625937972116e-13,-8,1.0724754417879e-13,1.59428026336172e-13,2.93098878501041e-14
4.44089209850063e-16,4.44089209850063e-16,2.64011035255862e-13,2.75335310107039e-14,-7.99999999999989,1.99840144432528e-15
1.62536650805123e-13,4.44089209850063e-16,3.57380791626838e-13,-2.22044604925031e-16,2.40696351738734e-13,-8
3.01536573488193e-13,2.22044604925031e-16,-8,-8,2.25375273998907e-14,1.09690034832965e-13
2.99982261253717e-13,-8,-8,3.33066907387547e-16,1.19015908239817e-13,3.48610029732299e-13
6.74238442854858e-13,-8,-8,4.44089209850063e-16,2.22044604925031e-16,1.07580611086178e-13
4.9960036108132e-14,-7.99999999999996,3.10862446895044e-15,9.50350909079134e-14,6.26165785888588e-14,6.34381436270814e-13
-8,4.52748949442139e-13,0,2.22044604925031e-16,-8,4.466427228067e-13
-8,-3.33066907387547e-16,0,0,0,0
-8,-8,-8,3.87356813291717e-13,-8,2.22044604925031e-16
3.40616423954998e-13,-8,2.22044604925031e-16,0,-8,0
1.70974345792274e-14,6.43929354282591e-15,2.01838545876853e-13,-8,6.28386231937839e-14,6.28386231937839e-14
0,0,-8,-8,1.11022302462516e-16,-6.66133814775094e-16
-8,1.31894495325469e-13,-6.66133814775094e-16,1.19348975147204e-13,-8,4.67403893367191e-13
-8,2.22044604925031e-16,-8,-8,-8,1.33226762955019e-14
-1.11022302462516e-16,-8,-8,3.64930308194289e-13,1.63202784619898e-14,6.50590692430342e-14
-2.22044604925031e-16,4.44089209850063e-16,2.88213897192691e-13,-8,2.22044604925031e-16,3.94795307556706e-13
-8,5.54445378497803e-13,-2.22044604925031e-16,6.30606677987089e-14,0,2.22044604925031e-16
-8,0,-8,1.73194791841524e-14,0,5.15365528030998e-13
2.22044604925031e-16,-8,2.22044604925031e-16,4.79616346638068e-13,-8,5.26467758277249e-13
2.25375273998907e-13,1.19904086659517e-14,-4.44089209850063e-16,-2.22044604925031e-16,1.79412040779425e-13,7.58726415028832e-13
0,-2.22044604925031e-16,8.1912254756844e-13,2.54796184151473e-13,-8,-8
-8,5.58886270596304e-13,8.81517081552374e-14,-8,7.43849426498855e-14,-8
2.07389660999979e-13,4.21551682450172e-13,3.63153951354889e-13,-2.22044604925031e-16,1.07469588783715e-13,-2.22044604925031e-16
1.99840144432528e-15,-1.11022302462516e-16,-1.11022302462516e-16,0,6.66133814775094e-16,1.3988810110277e-13
4.21884749357559e-15,1.4432899320127e-15,3.33066907387547e-16,5.6843418860808e-13,5.89306381471033e-13,3.33066907387547e-16
-2.22044604925031e-16,3.33066907387547e-16,2.99760216648792e-15,2.22044604925031e-16,1.01030295240889e-14,2.22044604925031e-16
-7.99999999999998,1.68753899743024e-14,0,3.33066907387547e-15,-2.22044604925031e-16,1.97619698383278e-14
-3.33066907387547e-16,-8,5.83533221742982e-13,-7.99999999999997,0,-7.99999999999981
2.08721928629529e-14,-8,-8,5.45119505090952e-13,2.8199664825479e-14,-8
-7.99999999999976,-8,-8,3.10862446895044e-15,2.30926389122033e-14,-7.99999999999975
2.22044604925031e-16,3.33066907387547e-15,7.21644966006352e-15,1.74638081773537e-13,-8,-3.33066907387547e-16
0,7.43849426498855e-15,-8,0,-8,6.14841511037412e-13
4.14335232790108e-13,5.58442181386454e-13,1.21236354289067e-13,-8,-8,0
3.8702374638433e-13,2.74891220897189e-13,2.48689957516035e-13,3.33066907387547e-16,1.99840144432528e-15,-8
-8,2.22044604925031e-16,3.29403171406284e-13,1.11022302462516e-16,4.65627536527791e-13,2.99760216648792e-13
-8,-2.22044604925031e-16,2.22044604925031e-16,-8,-8,7.99360577730113e-15
6.66133814775094e-16,-8,2.85438339631128e-13,-8,1.99618099827603e-13,-8
-4.44089209850063e-16,-8,2.66453525910038e-15,-8,-2.22044604925031e-16,2.22044604925031e-16
-4.44089209850063e-16,4.44089209850063e-16,0,2.62012633811537e-14,-8,-2.22044604925031e-16
-8,5.40012479177676e-13,1.20681242776755e-13,0,-8,-8
-8,4.9737991503207e-14,-8,-8,3.10862446895044e-15,0
-1.11022302462516e-16,2.22044604925031e-16,4.30322444344711e-13,2.22044604925031e-16,4.44089209850063e-16,-8
1.23234755733392e-14,2.22044604925031e-16,-8,-1.11022302462516e-16,3.3628655415896e-13,8.28226376370367e-14
4.44089209850063e-16,-8,-8,8.21565038222616e-15,5.10702591327572e-15,2.02948768901479e-13
2.8643754035329e-14,3.33066907387547e-16,-8,-8,-8,-8
3.97681887420731e-13,-8,3.36175531856497e-13,2.27151630838307e-13,1.4077627952247e-13,-8
-8,2.44249065417534e-15,-8,1.92734717074927e-13,1.0769163338864e-13,2.22044604925031e-16
1.19804166587301e-12,-8,1.88071780371502e-13,-2.22044604925031e-16,-8,1.10911280160053e-13
-8,7.4762418478258e-13,3.21187521024058e-13,5.1636472875316e-13,-8,-7.99999999999997
-7.99999999999992,1.16240350678254e-13,-8,-8,-8,5.93969318174459e-13
4.30766533554561e-14,8.74855743404623e-14,4.44089209850063e-16,-8,1.02140518265514e-14,5.55111512312578e-16
-8,-8,-8,2.22044604925031e-16,6.66133814775094e-16,1.28075328120758e-12
3.73034936274053e-14,-1.11022302462516e-16,3.99125177352744e-13,3.33066907387547e-15,2.66231481305113e-13,2.17048601314218e-13
-8,0,1.94511073914327e-13,2.22044604925031e-16,-8,-8
-8,2.22044604925031e-16,-8,8.21565038222616e-15,4.44089209850063e-16,-8
2.19824158875781e-14,-8,-8,-2.22044604925031e-16,-8,4.6163073363914e-13
-8,-8,6.66133814775094e-16,1.40221168010157e-13,-2.22044604925031e-16,1.66533453693773e-14
-8,-8,1.11022302462516e-16,1.11022302462516e-15,-8,-8
-8,-1.11022302462516e-16,1.53210777398272e-13,1.17683640610267e-13,-8,-7.99999999999999
2.22044604925031e-16,-8,1.67310609811011e-13,-8,0,4.47197834319013e-13
-8,2.22044604925031e-16,5.10702591327572e-15,2.32480701356508e-13,-2.22044604925031e-16,2.66453525910038e-15
-4.44089209850063e-16,1.11022302462516e-16,9.74775815620887e-14,4.49640324973188e-13,0,-2.22044604925031e-16
7.7715611723761e-16,0,4.01012556494607e-13,4.44089209850063e-16,3.33066907387547e-15,0
-2.22044604925031e-16,-6.66133814775094e-16,-7.99999999999994,-3.33066907387547e-16,1.02140518265514e-14,-8
-7.99999999999998,2.22044604925031e-16,-8,-8,0,1.51434420558871e-13
-8,1.31006316905768e-14,-8,6.66133814775094e-16,1.99840144432528e-15,7.19646564562026e-13
-8,0,0,2.77777800761214e-13,6.21724893790088e-15,-2.22044604925031e-16
3.10862446895044e-15,3.56381590904675e-13,-8,-8,-8,-8
2.77111666946439e-13,-2.22044604925031e-16,0,2.22044604925031e-16,1.1642908859244e-12,9.32587340685131e-15
5.19584375524573e-14,-4.44089209850063e-16,8.54871728961371e-14,2.22044604925031e-16,-8,-8
-8,0,-2.22044604925031e-16,2.58015830922886e-13,0,2.44249065417534e-15
-8,-8,3.77475828372553e-15,5.77315972805081e-15,-8,-8
3.17634807345257e-13,-8,6.66133814775094e-15,0,5.25135490647699e-14,3.64153152077051e-14
3.13638004456607e-13,0,-1.11022302462516e-16,-8,-8,1.20792265079217e-13
-8,-2.22044604925031e-16,4.75619543749417e-13,-8,-8,4.08562073062058e-14
-8,-8,-8,-8,0,-8
7.29638571783653e-13,-8,-2.22044604925031e-16,-8,-8,4.6296300126869e-13
0,9.1926466438963e-14,4.29323243622548e-13,2.22044604925031e-16,2.22044604925031e-16,-7.99999999999998
4.55635529306164e-13,0,1.35447209004269e-14,2.24931184789057e-13,2.22044604925031e-16,-8
2.22044604925031e-16,6.66133814775094e-16,2.32480701356508e-13,-8,2.44249065417534e-15,-8
-7.99999999999999,-8,5.40456568387526e-13,-4.44089209850063e-16,1.11022302462516e-16,-8
-2.22044604925031e-16,-8,0,2.22044604925031e-16,-8,3.15303338993544e-14
7.54951656745106e-15,3.40172334745148e-13,2.22044604925031e-16,3.05311331771918e-13,-2.22044604925031e-16,-7.99999999999994
5.55111512312578e-16,0,-6.66133814775094e-16,-8,5.41566791412151e-13,0
6.49702514010642e-13,0,-3.33066907387547e-16,3.28848059893971e-13,1.70974345792274e-14,1.69197988952874e-13
-8,-8,-8,0,0,4.9960036108132e-13
4.44089209850063e-16,6.66133814775094e-16,1.71418435002124e-13,-7.9999999999999,-8,4.4264591991805e-13
4.44089209850063e-16,-8,3.21520587931445e-13,7.105427357601e-15,1.33226762955019e-15,-1.11022302462516e-16
4.17443857259059e-14,-2.22044604925031e-16,5.55111512312578e-16,-8,5.21582776968899e-13,2.22044604925031e-16
0,1.33226762955019e-15,2.22044604925031e-16,2.22044604925031e-16,-8,-8
2.22044604925031e-16,-6.66133814775094e-16,1.98840943710366e-13,-7.99999999999999,2.67119659724813e-13,-8
2.22044604925031e-16,-8,0,2.26485497023532e-14,-7.99999999999995,-1.11022302462516e-16
0,-8,-8,0,8.99280649946377e-14,2.22044604925031e-16
0,-2.22044604925031e-16,2.22044604925031e-16,2.28039809258007e-13,4.49418280368263e-13,-8
-8,2.79998246810464e-13,2.22044604925031e-16,-8,0,-7.99999999999963
-8,-5.55111512312578e-16,2.75335310107039e-14,-8,8.73745520379998e-14,4.44089209850063e-16
4.50306458787963e-13,2.22044604925031e-16,-2.22044604925031e-16,5.55111512312578e-16,7.99360577730113e-15,-2.22044604925031e-16
-2.22044604925031e-16,-8,4.44089209850063e-16,1.69864122767649e-14,2.18380868943768e-13,-8
-1.11022302462516e-16,-8,-8,2.22044604925031e-16,-8,5.06372721531534e-13
9.72555369571637e-14,2.8110846983509e-13,3.31956684362922e-13,0,2.22044604925031e-16,5.08593167580784e-13
5.6399329650958e-14,-8,-8,1.52544643583497e-13,-2.22044604925031e-16,2.08277839419679e-13
0,1.72750702631674e-13,1.11022302462516e-15,-8,-8,4.44089209850063e-16
1.07469588783715e-13,-2.22044604925031e-16,4.44089209850063e-16,2.64233079860787e-14,-8,-2.22044604925031e-16
4.35207425653061e-14,3.33066907387547e-16,1.16573417585641e-13,-7.99999999999999,2.22044604925031e-16,-1.11022302462516e-16
1.06137321154165e-13,0,-2.22044604925031e-16,5.45785638905727e-13,-8,-3.33066907387547e-16
5.32907051820075e-15,-8,-8,-8,-8,0
0,-8.88178419700125e-16,1.82076576038526e-14,1.11022302462516e-15,-8,1.55653268052447e-13
-3.33066907387547e-16,-8,1.19904086659517e-14,1.08801856413265e-14,2.22044604925031e-16,-8
1.33226762955019e-14,4.44089209850063e-16,-8,1.01030295240889e-14,2.22044604925031e-16,0
-7.99999999999989,4.78284079008517e-13,3.79030140607028e-13,3.64375196681976e-13,-8,-8
5.71098723867181e-13,-2.22044604925031e-16,-2.22044604925031e-16,2.22044604925031e-16,-8,1.16795462190566e-13
-8,-8,-2.22044604925031e-16,3.66373598126302e-14,-7.99999999999981,-1.11022302462516e-16
-8,-3.33066907387547e-16,8.41882119573256e-13,-4.44089209850063e-16,1.11022302462516e-16,4.44089209850063e-16
-8,-8,3.49387185849537e-13,0,1.11022302462516e-16,2.22044604925031e-16
-8,1.11022302462516e-16,2.22044604925031e-16,5.41788836017076e-14,0,-7.99999999999999
-7.99999999999997,-8,-2.22044604925031e-16,-8,9.30366894635881e-14,6.66133814775094e-16
-8,6.21724893790088e-15,4.44089209850063e-16,5.55111512312578e-16,-8,-8
-8,-8,2.30926389122033e-14,1.33226762955019e-14,-8,0
-8,-7.99999999999988,3.50608431176624e-13,1.49880108324396e-13,-8,3.33066907387547e-16
-7.99999999999999,0,1.0369483049999e-13,-1.11022302462516e-16,2.77555756156289e-14,3.01758618093118e-13
1.72972747236599e-13,7.82707232360735e-14,0,1.85629289717326e-13,1.11022302462516e-16,-4.44089209850063e-16
-8,2.22044604925031e-16,4.79172257428218e-13,-8,2.1538326677728e-14,5.79758463459257e-13
-8,-8,-8,3.63042929052426e-14,3.10862446895044e-15,3.33066907387547e-15
-7.99999999999989,-8,0,1.11022302462516e-16,4.2632564145606e-14,-8
7.66942065411058e-13,-8,1.46549439250521e-13,-8,2.13939976845268e-13,-8
-8,2.22044604925031e-16,2.70006239588838e-13,-2.22044604925031e-16,5.05706587716759e-13,4.44089209850063e-16
-8,1.99840144432528e-14,5.05706587716759e-13,-8,-8,-8
9.17044218340379e-14,4.90274487674469e-13,1.45661260830821e-13,-8,5.11146680537422e-13,-7.99999999999999
0,-2.22044604925031e-16,6.66133814775094e-16,1.11022302462516e-16,-8,-8
3.93018950717305e-14,3.62265772935189e-13,-8,-2.22044604925031e-16,-8,5.41788836017076e-14
-8,2.41584530158434e-13,2.08721928629529e-14,-1.11022302462516e-16,9.54791801177635e-14,-8
0,-8,-3.33066907387547e-16,1.11688436277291e-13,7.97140131680862e-14,2.22044604925031e-16
-8,0,-8,-8,-8,2.22044604925031e-16
-7.99999999999988,4.69180250206591e-13,-8,5.81978909508507e-13,2.38919994899334e-13,1.55431223447522e-15
2.08721928629529e-14,3.33066907387547e-16,9.80326930744013e-14,1.61870516990348e-13,-2.22044604925031e-16,2.22044604925031e-16
4.06341627012807e-13,1.73416836446449e-13,1.69864122767649e-13,3.75255382323303e-13,-7.99999999999987,1.39221967287995e-13
2.41917597065822e-13,2.22044604925031e-16,0,0,8.45989944764369e-14,1.37889699658444e-13
-3.33066907387547e-16,8.21565038222616e-15,-1.11022302462516e-16,-7.99999999999998,-3.33066907387547e-16,-8
5.8164584260112e-13,6.21724893790088e-14,-8,-4.44089209850063e-16,5.72875080706581e-14,0
-8,-8,0,7.54951656745106e-15,-2.22044604925031e-16,4.44089209850063e-16
-8,-8,2.03836947321179e-13,-7.99999999999995,3.04867242562068e-13,-2.22044604925031e-16
4.23439061592035e-13,1.02140518265514e-14,2.99760216648792e-15,-8,-8,-2.22044604925031e-16
-3.33066907387547e-16,6.83897383169096e-14,3.90798504668055e-13,-8,-8,5.56665824547053e-13
0,-7.99999999999998,-4.44089209850063e-16,-6.66133814775094e-16,2.17381668221606e-13,-8
-2.22044604925031e-16,3.10862446895044e-14,-8,-8,5.55111512312578e-16,3.33066907387547e-15
-4.44089209850063e-16,0,-8,-4.44089209850063e-16,-8,0
3.64153152077051e-14,-4.44089209850063e-16,5.39568389967826e-13,-8,2.34479102800833e-13,-4.44089209850063e-16
0,5.32907051820075e-14,-8,1.68087765928249e-13,1.41775480244632e-13,5.69877478540093e-13
-4.44089209850063e-16,4.33875158023511e-13,-2.22044604925031e-16,-8,-8,9.37028232783632e-14
1.33226762955019e-15,-8,-8,0,6.81676937119846e-14,-8
-8,-8,-4.44089209850063e-16,0,2.88657986402541e-15,2.20712337295481e-13
2.59126053947512e-13,6.03961325396085e-14,0,-8,-8,3.33066907387547e-16
8.90398865749376e-14,4.44089209850063e-16,2.80886425230165e-14,0,2.22044604925031e-16,1.70197189675036e-13
-8,2.22044604925031e-16,2.16937579011756e-13,-8,-7.99999999999992,2.22044604925031e-16
8.04911692853238e-13,-8,-8,2.58237875527811e-13,5.04041253179821e-14,-4.44089209850063e-16
3.26350058088565e-12,6.66133814775094e-16,-8,-8,-8,-7.99999999999988
7.51620987671231e-14,2.03170813506404e-13,1.13353770814228e-13,-8,-7.99999999999997,-8
-2.22044604925031e-16,1.97619698383278e-13,0,-2.22044604925031e-16,-8,4.72955008490317e-14
4.68736160996741e-13,-8,-4.44089209850063e-16,2.74225087082414e-13,-1.11022302462516e-16,-8
3.29514193708746e-13,4.21884749357559e-13,0,2.66453525910038e-15,4.44089209850063e-16,-8
-4.44089209850063e-16,1.11022302462516e-15,-8,0,2.22044604925031e-16,4.9382720135327e-13
-8,0,-4.44089209850063e-16,6.66133814775094e-16,-8,6.70574706873595e-14
-8,2.22044604925031e-16,9.52571355128384e-14,-8,-6.66133814775094e-16,-8
6.66133814775094e-16,-7.99999999999991,-7.99999999999999,-3.33066907387547e-16,-8,4.44089209850063e-16
0,-7.99999999999987,-8,-8,1.92068583260152e-13,2.22044604925031e-16
3.42170736189473e-13,2.01061389759616e-13,1.61648472385423e-13,-8,5.40012479177676e-13,8.88178419700125e-16
-8,3.49276163547074e-13,-8,-8,-7.99999999999999,2.22044604925031e-16
3.07087688611318e-13,0,-8,4.50972592602739e-13,-6.66133814775094e-16,2.22044604925031e-16
-8,-8,2.22044604925031e-16,0,1.15907283770866e-13,-8
2.22044604925031e-16,-8,4.44089209850063e-16,2.22044604925031e-16,2.99760216648792e-14,2.79332112995689e-13
-8,-8,5.29798427351125e-13,-4.44089209850063e-16,-1.11022302462516e-16,2.97317725994617e-13
2.53130849614536e-14,2.22044604925031e-16,-8,-8,0,1.76303416310475e-13
-8,6.66133814775094e-15,-3.33066907387547e-16,-2.22044604925031e-16,2.22044604925031e-16,-2.22044604925031e-16
3.44169137633799e-13,2.22044604925031e-16,3.33066907387547e-16,1.55431223447522e-15,2.22044604925031e-16,4.44089209850063e-16
1.6198153929281e-13,-8,7.105427357601e-15,-8,2.22044604925031e-16,0
-8,-8,-2.22044604925031e-16,4.77395900588817e-14,-2.22044604925031e-16,-1.11022302462516e-16
5.08149078370934e-13,-1.11022302462516e-16,1.55431223447522e-15,0,1.15019105351166e-13,-8
2.46136444559397e-13,-8,6.88338275267597e-14,0,1.51545442861334e-13,3.2174263253637e-13
-8,2.22044604925031e-16,-8,6.17284001691587e-14,0,0
1.0369483049999e-13,0,-8,1.33226762955019e-15,0,-8
8.88178419700125e-16,-8,2.8643754035329e-14,2.22044604925031e-16,4.21440660147709e-13,5.46451772720502e-13
-8,-8,2.86215495748365e-13,1.93178806284777e-14,4.46309655899313e-13,5.32907051820075e-15
0,2.22044604925031e-16,2.04836148043341e-13,1.99840144432528e-15,2.22044604925031e-16,1.63979940737136e-13
0,-8,2.14273043752655e-14,-7.99999999999999,6.66133814775094e-16,-8
5.42010880622001e-13,2.22044604925031e-16,0,2.23265850252119e-13,-8,-8
-2.22044604925031e-16,4.6296300126869e-13,3.5527136788005e-15,3.79030140607028e-13,-8,-1.11022302462516e-16
3.99680288865056e-14,-8,2.06501482580279e-14,7.7715611723761e-16,-8,0
9.36584143573782e-13,4.23439061592035e-13,1.66533453693773e-15,8.91509088774001e-13,1.03028696685215e-13,4.44089209850063e-16
-8,4.06119582407882e-13,4.44089209850063e-16,-2.22044604925031e-16,0,-8
1.25677246387568e-13,-4.44089209850063e-16,-3.33066907387547e-16,4.44089209850063e-16,-7.99999999999999,1.24344978758018e-14
0,-2.22044604925031e-16,6.32827124036339e-15,-8,-8,3.10862446895044e-15
0,-8,-8,4.44089209850063e-16,5.80646641878957e-14,1.92290627865077e-13
4.18554080283684e-14,3.54272167157887e-13,-7.99999999999992,2.22044604925031e-16,-8,-4.44089209850063e-16
-8,-8,3.78364006792253e-13,-8,4.75397499144492e-13,1.37667655053519e-14
3.8746783559418e-13,0,-8,-8,1.28341781646668e-13,2.22044604925031e-16
1.11022302462516e-16,-8,-8,-4.44089209850063e-16,-8,9.99200722162641e-16
1.02584607475364e-13,1.77635683940025e-15,0,2.43582931602759e-13,-8,0
0,5.6665783176868e-13,-8,-7.99999999999997,2.22044604925031e-16,4.44089209850063e-16
4.44644321362375e-13,-8,-8,1.11022302462516e-16,-8,-7.99999999999969
-8,-8,-4.44089209850063e-16,-8,-7.99999999999996,4.44089209850063e-16
4.44089209850063e-16,2.22044604925031e-16,0,8.01581023779363e-14,1.35225164399344e-13,0
0,1.00808250635964e-13,3.10862446895044e-15,8.65973959207622e-15,-7.99999999999995,1.99951166734991e-13
2.70228284193763e-13,6.42375042048116e-13,-8,-8,-8,3.33066907387547e-16
-8,-8,-8,-8,0,-2.22044604925031e-16
-8,0,-8,4.04010158661094e-13,-8,1.11022302462516e-15
-8,-8,1.50990331349021e-14,1.87183601951801e-13,-8,-8
1.66533453693773e-15,-8,-8,2.32480701356508e-13,-8,8.40438829641244e-14
0,1.02140518265514e-13,-8,-8,0,-8
0,2.22044604925031e-16,-8,0,2.22044604925031e-16,-7.99999999999999
1.09690034832965e-13,-1.11022302462516e-16,-4.44089209850063e-16,6.21724893790088e-15,-8,-8
2.22044604925031e-16,-8,-8,5.55111512312578e-16,2.22044604925031e-16,7.28306304154103e-14
-8,0,-8,-1.11022302462516e-16,9.90096893360715e-13,1.11022302462516e-16
-8,1.19904086659517e-14,-8,3.77475828372553e-15,0,-8
2.8022029141539e-13,-8,-8,-4.44089209850063e-16,6.78124223441046e-13,4.32098801184111e-13
0,4.63629135083465e-13,4.44089209850063e-16,3.26627613844721e-13,-8,2.36255459640233e-13
3.82138765075979e-13,-8,-1.11022302462516e-16,-7.99999999999998,9.10382880192628e-15,4.45976588991925e-13
-4.44089209850063e-16,-8,1.4432899320127e-15,1.59650070941098e-13,2.03170813506404e-14,4.44089209850063e-16
-8,-8,1.30562227695918e-13,6.66133814775094e-16,4.44089209850063e-16,0
-2.22044604925031e-16,-8,-1.11022302462516e-16,4.44089209850063e-16,9.65894031423886e-15,-4.44089209850063e-16
-8,4.91606755304019e-13,-2.22044604925031e-16,-8,-8,3.31734639757997e-13
-8,-8,-7.99999999999999,9.99200722162641e-15,-8,-8
6.62359056491368e-13,3.86357612569554e-14,1.11022302462516e-16,2.22044604925031e-16,7.54951656745106e-15,2.22044604925031e-16
1.73638881051374e-13,-2.22044604925031e-16,2.05724326463042e-13,2.22044604925031e-16,5.55111512312578e-16,-8
-8,-2.22044604925031e-16,0,-8,0,-8
-8,3.5171865420125e-13,1.11022302462516e-16,8.21565038222616e-15,-7.99999999999975,0
-8,8.5043083686287e-14,2.22044604925031e-16,-8,2.3347990207867e-13,-7.99999999999987
2.48689957516035e-14,-8,1.91402449445377e-13,-8,2.22044604925031e-16,-2.22044604925031e-16
-8,2.22044604925031e-16,4.67847982577041e-13,3.00870439673417e-14,2.22044604925031e-16,6.57252030578093e-14
3.44169137633799e-15,-8,-4.44089209850063e-16,4.16444656536896e-13,2.22044604925031e-16,2.55795384873636e-13
-8,-8,4.49640324973188e-13,-8,-8,-8
4.48419079646101e-13,0,-1.11022302462516e-16,4.00790511889682e-13,5.23692200715686e-13,1.99840144432528e-15
2.22044604925031e-16,6.88782364477447e-13,1.0635936575909e-13,4.64073224293315e-14,-8,4.9649173661237e-13
2.22044604925031e-16,-8,-4.44089209850063e-16,0,0,-8
-8,5.12923037376822e-14,-7.99999999999993,0,1.07358566481253e-13,0
3.12860848339369e-13,8.30135959972722e-12,0,3.86135567964629e-13,-8,-8
2.71560551823313e-13,-7.99999999999989,-8,1.55431223447522e-15,-7.99999999999993,3.74922315415915e-13
-7.99999999999999,-8,-8,3.77475828372553e-15,1.54432022725359e-13,-4.44089209850063e-16
0,-8,-8,5.32907051820075e-15,-8,0
-8,2.02726724296554e-13,4.66293670342566e-15,-8,1.01552100062463e-12,4.44089209850063e-16
-7.99999999999985,6.7257310831792e-13,0,3.09752223870419e-14,2.22044604925031e-16,2.59348098552437e-13
-8,0,4.65405491922866e-13,-8,8.59201598757409e-13,-4.44089209850063e-16
-4.44089209850063e-16,2.22044604925031e-16,7.85149723014911e-13,-7.99999999999987,-8,4.44089209850063e-16
8.43769498715119e-15,4.54303261676614e-13,2.22044604925031e-16,4.44089209850063e-16,-8,2.22044604925031e-16
-3.33066907387547e-16,0,2.22044604925031e-16,0,9.32587340685131e-15,2.22044604925031e-16
-7.99999999999998,4.30100399739786e-13,2.22044604925031e-16,4.4175774149835e-13,-8,-8
-8,-8,1.11022302462516e-16,-8,-2.22044604925031e-16,2.22044604925031e-16
3.33066907387547e-16,0,1.4210854715202e-14,-4.44089209850063e-16,-4.44089209850063e-16,2.20601314993019e-13
-4.44089209850063e-16,2.22044604925031e-16,0,-4.44089209850063e-16,1.56541446472147e-13,1.01252339845814e-13
-8,2.11164419283705e-13,2.22044604925031e-16,2.88657986402541e-14,-8,3.33066907387547e-14
1.85851334322251e-13,-8,1.55431223447522e-15,-8,-8,-8
-8,-2.22044604925031e-16,-8,-8,3.66373598126302e-14,-4.44089209850063e-16
1.67088565206086e-13,-8,-7.99999999999999,2.56017429478561e-13,2.89990254032091e-13,6.0063065632221e-13
-2.22044604925031e-16,7.19424519957101e-13,0,-8,1.66533453693773e-15,-2.22044604925031e-16
4.09228206876833e-13,2.03170813506404e-14,1.52322598978571e-13,2.22044604925031e-16,1.11022302462516e-16,5.10036457512797e-13
2.22044604925031e-16,1.02806652080289e-13,-7.99999999999999,0,2.22044604925031e-16,-8
-2.22044604925031e-16,2.22044604925031e-16,-7.99999999999999,4.44089209850063e-16,-7.99999999999999,4.51860771022439e-14
5.55111512312578e-16,4.44089209850063e-16,4.40980585381112e-13,-8,2.40363284831346e-13,2.41806574763359e-13
-8,2.44249065417534e-15,5.19029264012261e-13,1.20792265079217e-13,3.33066907387547e-15,9.9475983006414e-14
6.66133814775094e-16,-8,1.11022302462516e-12,0,8.88178419700125e-16,0
1.04805053524615e-13,2.40696351738734e-13,1.11022302462516e-16,5.97744076458184e-13,-8,-8
3.33066907387547e-16,2.00284233642378e-13,3.55382390182513e-13,0,1.57207580286922e-13,0
4.92494933723719e-13,9.15933995315754e-14,-7.99999999999998,-8,2.1094237467878e-14,4.56967796935714e-13
-8,2.8199664825479e-14,1.93178806284777e-14,-8,3.14415160573844e-13,2.23598917159507e-13
5.24025267623074e-13,0,1.77191594730175e-13,4.76951811378967e-13,5.22026866178749e-13,7.23199278240827e-13
0,-8,-8,9.95870053088765e-14,4.44089209850063e-16,-4.44089209850063e-16
-1.11022302462516e-16,-8,-7.99999999999999,2.37587727269783e-14,1.01918473660589e-13,4.44089209850063e-16
-2.22044604925031e-16,2.10276240864005e-13,-2.22044604925031e-16,-2.22044604925031e-16,2.44249065417534e-15,1.10578213252666e-13
0,-8,2.58237875527811e-13,2.40030217923959e-13,1.58095758706622e-13,-8
4.44089209850063e-16,6.87228052242972e-14,4.61963800546528e-13,3.99680288865056e-15,-2.22044604925031e-16,4.44089209850063e-16
-7.99999999999997,-8,-8,-8,-7.99999999999993,-8
-8,-2.22044604925031e-16,-8,-8,-8,4.40980585381112e-13
0,9.99200722162641e-16,-2.22044604925031e-16,0,-8,1.92512672470002e-13
-8,0,-8,3.09086090055644e-13,2.53019827312073e-13,-8
2.22044604925031e-16,2.22044604925031e-16,-8,3.33066907387547e-16,-2.22044604925031e-16,1.62092561595273e-14
-8,4.6029846600959e-13,2.88435941797616e-13,4.88498130835069e-15,0,-8
-2.22044604925031e-16,7.70494779089859e-14,2.22044604925031e-16,1.22124532708767e-15,4.44089209850063e-16,-2.22044604925031e-16
2.22044604925031e-16,5.44009282066327e-15,-8,4.44089209850063e-16,2.1183055309848e-13,2.22044604925031e-16
-8,-7.99999999999998,-6.66133814775094e-16,-4.44089209850063e-16,8.58202398035246e-14,5.55111512312578e-16
4.44089209850063e-16,5.02042851735496e-13,2.22044604925031e-16,-4.44089209850063e-16,3.33066907387547e-16,-8
-3.33066907387547e-16,2.22044604925031e-16,-2.22044604925031e-16,7.00772773143399e-13,6.66133814775094e-16,-8
-6.66133814775094e-16,3.35509398041722e-13,9.91429160990265e-14,-1.11022302462516e-16,0,1.5754064719431e-13
4.44089209850063e-16,-4.44089209850063e-16,-8,-1.11022302462516e-16,1.28119737041743e-13,-7.99999999999991
0,-8,-7.99999999999999,-8,5.29687405048662e-13,4.81836792687318e-14
2.22044604925031e-16,-8,3.10196313080269e-13,-4.44089209850063e-16,2.22044604925031e-16,1.11022302462516e-16
-1.11022302462516e-16,5.93747273569534e-13,-8,-8,-2.22044604925031e-16,1.34114941374719e-13
-8,2.22044604925031e-16,-8,3.33066907387547e-16,1.18127729820117e-13,-2.22044604925031e-16
-8,3.13082892944294e-14,0,3.40727446257461e-13,5.55111512312578e-16,-8
6.0462745921086e-13,-2.22044604925031e-16,-8,-8,0,-8
1.27897692436818e-13,1.54321000422897e-14,-7.99999999999998,0,1.66533453693773e-15,-2.22044604925031e-16
2.99760216648792e-15,2.22488694134881e-13,-8,-8,-8,4.44089209850063e-16
0,-2.22044604925031e-16,4.09894340691608e-13,0,1.96509475358653e-14,-8
2.50133247448048e-13,5.07149877648772e-13,-8,-8,0,6.25055562863963e-14
5.01820807130571e-14,2.53019827312073e-13,-8,0,2.22044604925031e-16,-4.44089209850063e-16
0,4.66293670342566e-15,-8,-8,1.92068583260152e-13,-8
5.01043651013333e-13,3.93018950717305e-13,7.99360577730113e-15,2.22044604925031e-16,6.01296790136985e-13,1.24567023362943e-13
-8,-8,-8,-4.44089209850063e-16,6.43929354282591e-15,-7.99999999999999
-8,-8,-8,4.23550083894497e-13,1.03916875104915e-13,-2.22044604925031e-16
1.11022302462516e-15,4.44089209850063e-16,-8,2.39031017201796e-13,0,-8
5.6621374255883e-15,-8,-8,3.09752223870419e-13,-8,1.11022302462516e-16
5.90638649100583e-14,-8,7.14872605556138e-13,4.44089209850063e-16,0,7.7715611723761e-16
-8,-8,5.21804821573824e-14,7.54951656745106e-15,-7.99999999999993,4.70068428626291e-13
-2.22044604925031e-16,3.3806291099836e-13,2.66453525910038e-14,1.86517468137026e-14,-8,0
-8,4.9960036108132e-15,-8,-8,0,-8
-7.99999999999996,1.11022302462516e-16,4.44089209850063e-16,9.39248678832882e-14,4.16111589629509e-13,-7.99999999999981
5.72542013799193e-13,-8,-8,-8,4.2366110619696e-13,5.55111512312578e-16
1.9151347174784e-13,6.43929354282591e-15,1.55431223447522e-15,5.55111512312578e-15,1.11022302462516e-15,4.74509320724792e-13
3.33066907387547e-16,-8,-8,-8,8.83737527601625e-14,1.18349774425042e-13
-8,6.4170890823334e-14,-4.44089209850063e-16,-8,-8,-8
2.22044604925031e-16,0,-8,0,1.11022302462516e-16,-8
3.32622818177697e-13,2.22044604925031e-16,3.32733840480159e-13,-8,4.44089209850063e-16,-8
6.66910970892332e-13,1.33226762955019e-15,-7.99999999999995,3.47277762102749e-13,2.71338507218388e-13,-4.44089209850063e-16
6.66133814775094e-16,4.44089209850063e-16,1.22124532708767e-13,-8,-2.22044604925031e-16,-2.22044604925031e-16
-8,-8,3.51940698806175e-13,-8,-8,-8
1.0547118733939e-14,7.54951656745106e-15,-8,-8,1.64313007644523e-14,3.33066907387547e-16
3.9324099532223e-13,0,1.19682042054592e-13,-2.22044604925031e-16,-8,1.11910480882216e-13
4.2632564145606e-14,-8,5.88973314563646e-13,1.0591527654924e-13,1.14575016141316e-13,5.55111512312578e-16
-8,-8,2.60014232367212e-13,6.48814335590941e-13,2.22044604925031e-16,2.78888023785839e-13
-8,1.33226762955019e-15,2.22044604925031e-16,1.55431223447522e-15,-8,0
-7.99999999999979,3.65263375101677e-14,4.05009359383257e-13,2.22044604925031e-16,-4.44089209850063e-16,-4.44089209850063e-16
6.19726492345762e-13,2.22044604925031e-16,3.72368802459278e-13,0,6.95443702625198e-13,9.99200722162641e-16
-8,4.37205827097387e-13,3.58602036953926e-13,1.7874590696465e-13,1.13242748511766e-13,-8
-8,2.08721928629529e-14,8.26005930321116e-13,1.71640479607049e-13,0,0
-8,2.76667577736589e-13,-2.22044604925031e-16,8.42659275690494e-14,0,-3.33066907387547e-16
3.99680288865056e-14,0,-8,-8,-8,-8
-7.99999999999987,-8,5.55999690732278e-13,-8,1.77635683940025e-15,0
-8,7.7848838486716e-13,-7.99999999999996,-2.22044604925031e-16,-8,-1.11022302462516e-16
2.22044604925031e-16,3.29070104498896e-13,-8,-8,0,3.00204305858642e-13
6.66133814775094e-15,-4.44089209850063e-16,5.59552404411079e-14,-8,2.22044604925031e-16,-8
-8,-4.44089209850063e-16,8.12017120210839e-13,-8,-8,3.73923114693753e-13
6.90558721316847e-14,2.22044604925031e-16,9.76996261670138e-15,-8,2.22044604925031e-16,-8
-2.22044604925031e-16,3.33066907387547e-16,4.44089209850063e-15,-8,-8,-8
4.32098801184111e-13,-8,-8,0,-7.99999999999977,6.98330282489223e-14
-2.22044604925031e-16,3.45279360658424e-13,2.77555756156289e-14,-4.44089209850063e-16,-8,-8
5.21804821573824e-14,3.09974268475344e-13,2.22044604925031e-15,-8,-8,5.46229728115577e-14
2.22044604925031e-16,6.66133814775094e-16,-8,5.07038855346309e-13,4.44089209850063e-16,-8
-8,-8,3.81916720471054e-13,2.53130849614536e-13,2.22044604925031e-16,8.90398865749376e-14
-8,1.13387077504967e-12,0,2.22044604925031e-16,0,6.66133814775094e-16
-8,-8,-8,2.22044604925031e-16,1.11022302462516e-16,-2.22044604925031e-16
0,1.80966353013901e-14,-7.99999999999996,-8,2.99094082834017e-13,-8
0,-7.99999999999999,-7.99999999999984,-2.22044604925031e-16,5.37347943918576e-14,-8
1.99840144432528e-15,3.20743431814208e-13,-2.22044604925031e-16,6.66133814775094e-16,9.9475983006414e-14,4.44089209850063e-16
-8,-6.66133814775094e-16,2.22044604925031e-16,2.22044604925031e-16,3.11528580709819e-13,-8
-8,-8,-8,-7.99999999999999,3.46833672892899e-13,-6.66133814775094e-16
9.10382880192628e-15,9.99200722162641e-13,5.57331958361829e-14,0,-8,4.44089209850063e-16
-7.99999999999995,-8,1.11022302462516e-16,3.03090885722668e-13,6.66133814775094e-16,4.44089209850063e-16
-8,1.11022302462516e-16,-3.33066907387547e-16,3.01647595790655e-13,-8,-8
-8,4.84057238736568e-14,-8,-8,3.63153951354889e-13,4.66293670342566e-15
4.53193038651989e-13,-2.22044604925031e-16,-8,4.13891143580258e-13,8.65973959207622e-15,-8
3.18411963462495e-13,6.66133814775094e-16,-7.99999999999987,-2.22044604925031e-16,0,1.71418435002124e-13
-8,7.99360577730113e-15,1.10245146345278e-13,-8,-2.22044604925031e-16,0
4.31654711974261e-13,3.94129173741931e-14,4.33986180325974e-13,1.22124532708767e-15,-8,5.90638649100583e-14
1.7519319328585e-13,1.11022302462516e-16,2.22044604925031e-16,-2.22044604925031e-16,-8,3.539391002505e-13
1.11022302462516e-16,1.06581410364015e-14,-3.33066907387547e-16,2.22044604925031e-16,1.39332989590457e-13,1.11022302462516e-16
-8,1.14352971536391e-14,-8,-8,5.77315972805081e-14,-8
-2.22044604925031e-16,-8,-8,9.65894031423886e-14,4.9293902293357e-14,8.68194405256872e-14
-2.22044604925031e-16,-8,4.44089209850063e-15,5.53668222380566e-13,-8,2.8421709430404e-14
-8,8.35997937542743e-13,-8,-8,9.34807786734382e-14,-8
-8,-7.99999999999998,1.11022302462516e-16,4.21884749357559e-15,-8,6.36601882320065e-13
-8,2.22044604925031e-16,-8,-7.9999999999999,0,-8
-7.99999999999985,-8,-8,-8,-1.11022302462516e-16,4.44089209850063e-16
-8,0,2.8421709430404e-14,-2.22044604925031e-16,-8,2.89324120217316e-13
2.22044604925031e-16,-8.88178419700125e-16,2.38697950294409e-13,6.66133814775094e-16,-7.99999999999978,-8
-8,-8,3.64042129774589e-13,2.22044604925031e-16,-8,2.55351295663786e-15
-8,-8,5.31574784190525e-13,2.22044604925031e-16,-8,1.55431223447522e-15
9.54791801177635e-15,-2.22044604925031e-16,-8,-8,-8,-1.11022302462516e-16
5.70876679262255e-13,-7.99999999999995,-2.22044604925031e-16,1.13464793116691e-13,1.90958360235527e-14,7.85149723014911e-13
-8,2.06612504882742e-13,-8,1.92290627865077e-13,-8,6.66133814775094e-16
-8,5.07260899951234e-13,3.26183524634871e-13,4.44089209850063e-16,-2.22044604925031e-16,8.88178419700125e-16
-2.22044604925031e-16,-8,6.66133814775094e-16,2.96429547574917e-13,2.22044604925031e-16,2.92654789291191e-13
-8.88178419700125e-16,-2.22044604925031e-16,8.88178419700125e-16,2.22044604925031e-16,-2.22044604925031e-16,-6.66133814775094e-16
5.15143483426073e-14,-2.22044604925031e-16,5.3179682879545e-14,-4.44089209850063e-16,1.55431223447522e-15,-2.22044604925031e-16
-7.99999999999998,0,-8,-8,-8,1.99507077525141e-13
2.4935609133081e-13,-8,2.22044604925031e-16,1.11022302462516e-16,1.80744308408975e-13,-4.44089209850063e-16
2.22044604925031e-15,-7.99999999999999,2.25819363208757e-13,-2.22044604925031e-16,-8,2.76667577736589e-13
8.09352584951739e-13,-6.66133814775094e-16,5.08260100673397e-13,-8,-2.22044604925031e-16,1.11022302462516e-16
8.88178419700125e-16,-6.66133814775094e-16,2.20601314993019e-13,-8,4.89164264649844e-13,-8
-8,-8,4.44089209850063e-16,-2.22044604925031e-16,1.11022302462516e-16,-8
-8,6.66133814775094e-16,-8,6.22835116814713e-13,5.86197757002083e-14,1.15907283770866e-13
-2.22044604925031e-16,8.21565038222616e-15,3.35287353436797e-14,5.13367126586672e-13,-8,3.54938300972663e-13
0,-1.11022302462516e-16,2.28039809258007e-13,4.99045249569008e-13,-8,2.56683563293336e-13
-8,1.11022302462516e-16,2.22044604925031e-16,1.50990331349021e-13,0,3.67483821150927e-13
2.22044604925031e-16,5.43121103646627e-13,-8,1.93622895494627e-13,2.95541369155217e-13,-2.22044604925031e-16
-8,-8,8.45545855554519e-13,1.11022302462516e-15,-7.99999999999999,-8
-7.9999999999999,2.94875235340442e-13,-8,1.88737914186277e-15,-8,-8
5.55111512312578e-16,-8,-2.22044604925031e-16,-7.99999999999999,4.44089209850063e-16,-8
-8,3.50608431176624e-13,-8,-7.99999999999998,4.44089209850063e-16,-2.22044604925031e-16
0,3.61488616817951e-13,4.34763336443211e-13,-8,1.18793863634892e-13,-2.22044604925031e-16
-8,6.4037664060379e-13,3.77475828372553e-15,-8,-5.55111512312578e-16,2.88657986402541e-14
-8,4.72955008490317e-14,-1.11022302462516e-16,-8,4.33653113418586e-13,0
2.22044604925031e-16,-4.44089209850063e-16,0,-2.22044604925031e-16,9.42801392511683e-13,4.9515946898282e-14
2.22044604925031e-16,5.99520433297585e-15,-8,-8,-8,-8
-8,1.20792265079217e-13,1.33226762955019e-15,9.03721542044877e-14,1.11022302462516e-16,-2.22044604925031e-16
-8,-8,-8,-4.44089209850063e-16,2.33146835171283e-14,-8
2.27040608535845e-13,-8,-4.44089209850063e-16,-8,-2.22044604925031e-16,-8
-2.22044604925031e-16,5.12700992771897e-13,2.22044604925031e-15,4.47197834319013e-13,2.24265050974282e-14,-8
0,-7.99999999999985,-8,-7.99999999999989,5.08038056068472e-13,8.65973959207622e-15
-8,-2.22044604925031e-16,-1.11022302462516e-16,-8,0,3.76920716860241e-13
-8,2.630118345337e-13,-1.11022302462516e-16,5.39790434572751e-13,3.33066907387547e-16,-7.99999999999994
0,2.67785793539588e-13,-8,4.44089209850063e-16,0,-8
2.61568544601687e-13,-8,4.44089209850063e-16,2.22044604925031e-16,-8,-2.22044604925031e-16
4.9960036108132e-15,4.9960036108132e-15,-8,2.08721928629529e-13,4.2721381987576e-13,-8
2.22044604925031e-15,-8,-8,8.17901302241353e-13,2.1538326677728e-14,1.66533453693773e-14
-8,2.44249065417534e-14,-7.99999999999985,-8,0,7.56283924374657e-13
-8,3.33066907387547e-16,7.22755189030977e-13,-8,-8,2.22044604925031e-16
8.31557045444242e-14,4.44089209850063e-16,-8,2.18713935851156e-13,2.22044604925031e-16,-7.99999999999988
0,0,2.46469511466785e-13,-8,4.44089209850063e-16,0
-8,-4.44089209850063e-16,2.22044604925031e-16,-4.44089209850063e-16,-8,-8
-8,-4.44089209850063e-16,3.5527136788005e-15,2.58015830922886e-13,2.66453525910038e-15,6.66133814775094e-16
-8,-8,4.44089209850063e-16,-8,6.66133814775094e-16,2.22044604925031e-16
4.44089209850063e-16,8.51430037585033e-13,0,1.28785870856518e-14,2.22044604925031e-16,1.99840144432528e-15
3.77475828372553e-15,-1.11022302462516e-16,-8,1.15241149956091e-13,4.44089209850063e-16,-8
2.24376073276744e-13,1.3988810110277e-14,2.10520489929422e-12,-8,-8,9.29256671611256e-14
-8,-8,-8,4.44089209850063e-16,-8,-8
4.66515714947491e-13,7.69828645275084e-13,0,4.44089209850063e-16,2.22044604925031e-16,4.81836792687318e-14
3.98792110445356e-13,-8,-8,5.79536418854332e-13,-8,-8
-8,2.22044604925031e-16,5.77315972805081e-15,-3.33066907387547e-16,-8,9.99200722162641e-15
3.89133170131117e-13,3.37130323657675e-12,9.6078700551061e-13,-8,7.4806827399243e-13,-8
2.69784194983913e-13,0,3.69926311805102e-13,-8,-8,-8
-7.99999999999994,1.11022302462516e-16,-7.99999999999988,2.22044604925031e-16,-8,3.36064509554035e-13
-8,2.22044604925031e-16,5.6843418860808e-14,-8,3.29514193708746e-13,2.1493917756743e-13
-8,6.66133814775094e-16,-8,-8,1.11022302462516e-16,2.22044604925031e-16
3.17523785042795e-13,3.81916720471054e-13,3.33066907387547e-16,3.83471032705529e-13,-7.99999999999998,-6.66133814775094e-16
2.22044604925031e-16,9.10382880192628e-15,2.22044604925031e-16,-8,4.21884749357559e-15,6.91446899736547e-13
-8,4.44089209850063e-16,-8,0,-2.22044604925031e-16,1.27342580924505e-13
-8,0,4.66293670342566e-15,-8,3.07531777821168e-13,4.10782519111308e-13
0,-8,2.22044604925031e-16,-8,-8,3.33066907387547e-16
-8,2.22044604925031e-16,4.66293670342566e-15,0,2.99760216648792e-14,-8
4.41868763800812e-14,-8,4.79394302033143e-13,1.73416836446449e-13,2.22044604925031e-16,9.39248678832882e-14
-8,-2.22044604925031e-16,8.63753513158372e-14,3.33066907387547e-16,-8,1.08246744900953e-13
-7.99999999999998,7.54951656745106e-15,-8,8.43769498715119e-14,1.31006316905768e-13,-8
-8,1.11022302462516e-16,9.2148511043888e-15,2.1538326677728e-14,0,-8
2.19935181178244e-13,4.44089209850063e-16,-8,-8,-7.99999999999992,1.09245945623115e-13
3.67039731941077e-13,8.88178419700125e-16,4.44089209850063e-16,-8,2.22044604925031e-16,6.55031584528842e-15
-8,-7.9999999999998,-4.44089209850063e-16,-8,-8,1.57651669496772e-14
2.22044604925031e-16,-8,7.2730710343194e-13,-8,1.11022302462516e-16,2.22044604925031e-16
-2.22044604925031e-16,2.5024426975051e-13,0,-8,2.22044604925031e-16,-4.44089209850063e-16
4.44089209850063e-16,-8,5.17141884870398e-13,-3.33066907387547e-16,2.64233079860787e-14,0
8.68194405256872e-14,4.32320845789036e-13,5.59552404411079e-14,4.32986979603811e-14,-8,-1.11022302462516e-16
3.15525383598469e-13,-4.44089209850063e-16,4.44089209850063e-16,2.71116462613463e-13,-8,3.60489416095788e-13
-8,3.21964677141295e-15,8.32667268468867e-14,5.13367126586672e-13,0,1.11022302462516e-16
0,6.66133814775094e-16,0,4.44089209850063e-15,3.5527136788005e-15,2.22044604925031e-16
-8,0,-8,2.22044604925031e-16,-7.99999999999994,-8
5.50670620214078e-14,0,-8,3.5527136788005e-15,4.5807801996034e-13,7.19424519957101e-14
5.77982106619856e-13,-7.99999999999999,-8,2.79776202205539e-14,-8,-8
-4.44089209850063e-16,3.30846461338297e-14,1.11022302462516e-16,1.90625293328139e-13,1.11022302462516e-16,-8
3.2129854332652e-13,4.44089209850063e-16,-1.11022302462516e-16,2.79776202205539e-14,0,0
5.55111512312578e-16,-8,-7.99999999999999,-8,1.26787469412193e-13,-4.44089209850063e-16
-2.22044604925031e-16,8.74855743404623e-14,-8,-2.22044604925031e-16,2.01394456667003e-13,1.55431223447522e-15
6.43929354282591e-15,-8,6.66133814775094e-16,2.5157653738006e-13,-2.22044604925031e-16,4.23883150801885e-13
0,-8,4.49862369578113e-13,3.68371999570627e-13,0,8.41549052665869e-14
0,-8,-2.22044604925031e-16,3.66151553521377e-13,-8,-2.22044604925031e-16
-8,4.44089209850063e-16,1.11022302462516e-13,8.88178419700125e-15,-8,3.08419956240868e-13
7.55284723652494e-13,8.61533067109121e-14,-8,1.61870516990348e-13,-8,-8
4.44089209850063e-16,-8,-8,0,6.17950135506362e-13,1.55431223447522e-13
7.7715611723761e-16,-8,-8,0,2.22044604925031e-16,-8
3.77475828372553e-15,-2.22044604925031e-16,-8,5.55111512312578e-15,4.01900734914307e-14,-8
2.22044604925031e-16,2.71338507218388e-13,7.42073069659455e-13,1.25122134875255e-13,3.94351218346856e-13,2.22044604925031e-16
5.18585174802411e-13,-8,4.44089209850063e-16,1.95399252334028e-14,1.33226762955019e-15,-8
4.84279283341493e-13,2.22044604925031e-16,-8,-8,6.43929354282591e-15,1.53210777398272e-14
4.5852210917019e-14,4.44089209850063e-16,2.88657986402541e-15,-2.22044604925031e-16,1.77635683940025e-15,6.23945339839338e-14
5.89528426075958e-14,2.22044604925031e-16,3.33066907387547e-16,-4.44089209850063e-16,2.22044604925031e-16,0
-8,5.55111512312578e-16,-1.11022302462516e-16,6.66133814775094e-16,0,2.29816166097407e-14
-8,2.22044604925031e-16,4.65405491922866e-13,2.36477504245158e-14,8.88178419700125e-16,-8
-7.99999999999993,5.6532556413913e-13,-2.22044604925031e-16,2.79776202205539e-14,-8,2.16049400592055e-13
-8,2.56239474083486e-13,9.18598530574855e-13,1.51434420558871e-13,2.22044604925031e-16,-8
4.44089209850063e-16,6.10622663543836e-15,2.22044604925031e-16,-8,-8,3.28181926079196e-13
0,1.08801856413265e-14,-8,0,2.22044604925031e-16,0
-7.99999999999998,-8,-8,-8,8.88178419700125e-16,-7.99999999999997
2.62900812231237e-13,5.59552404411079e-14,2.22044604925031e-16,0,3.77475828372553e-13,-8
2.22044604925031e-16,-8,-4.44089209850063e-16,-5.55111512312578e-16,1.11022302462516e-16,8.34887714518118e-14
1.79856129989275e-14,2.22044604925031e-16,2.22044604925031e-16,-8,5.46229728115577e-14,-7.99999999999999
-8,6.25055562863963e-14,2.6523228058295e-13,-8,-8,-8
2.22044604925031e-16,-8,2.22044604925031e-16,-4.44089209850063e-16,-8,-8
9.61453139325386e-14,2.22044604925031e-16,3.06410452566297e-12,6.70463684571132e-13,5.6532556413913e-13,5.10480546722647e-13
-8,4.65183447317941e-13,-2.22044604925031e-16,-8,6.94999613415348e-14,2.22044604925031e-16
1.77635683940025e-14,-8,-8,6.09512440519211e-14,-8,-8
-8,9.59232693276135e-14,4.44089209850063e-16,5.10702591327572e-15,0,8.69304628281498e-14
-8,3.50275364269237e-13,-8,2.22044604925031e-16,2.13273843030493e-13,4.44089209850063e-16
2.22044604925031e-16,-8,-8,4.75175454539567e-14,-8,8.14015521655165e-13
1.57651669496772e-14,-8,-8,0,-2.22044604925031e-16,-4.44089209850063e-16
-8,2.22044604925031e-16,6.66133814775094e-16,2.22044604925031e-16,-8,-8
-8,-7.99999999999999,9.10382880192628e-15,1.22124532708767e-14,5.40900657597376e-13,-2.22044604925031e-16
2.04281036531029e-14,1.11022302462516e-16,2.22044604925031e-16,4.23439061592035e-13,0,4.66293670342566e-15
8.88178419700125e-16,9.99200722162641e-15,0,-8,2.08610906327067e-13,-7.99999999999999
3.40616423954998e-13,-4.44089209850063e-16,6.3549165929544e-13,4.49196235763338e-13,-4.44089209850063e-16,1.22124532708767e-15
-8,-8,1.51212375953946e-13,-8,0,1.02251540567977e-13
3.30180327523522e-13,-8,2.22044604925031e-16,-8,2.22044604925031e-16,-8
2.22044604925031e-16,-8,3.48610029732299e-14,-8,-8,3.44946293751036e-13
-4.44089209850063e-16,-4.44089209850063e-16,1.20126131264442e-13,8.54871728961371e-14,-8,7.7715611723761e-16
8.43769498715119e-15,1.72417635724287e-13,-8,-8,-2.22044604925031e-16,2.22044604925031e-16
-8,-8,2.22044604925031e-16,3.36508598763885e-13,1.53654866608122e-13,-4.44089209850063e-16
-4.44089209850063e-16,3.33066907387547e-16,-8,-8,-7.99999999999998,2.22044604925031e-16
-8,-7.99999999999998,-4.44089209850063e-16,-8,2.22044604925031e-16,6.0462745921086e-13
2.99760216648792e-15,0,-8,1.11022302462516e-16,1.18127729820117e-13,8.99280649946377e-14
-8,-8,2.22044604925031e-16,4.36206626375224e-13,-7.99999999999997,6.69908573058819e-13
-8,-8,2.22044604925031e-16,2.50910403565285e-13,1.81632486828676e-13,6.27276008913213e-14
6.66133814775094e-16,2.38697950294409e-13,1.22568621918617e-13,1.21902488103842e-13,3.49720252756924e-13,6.61692922676593e-14
3.90909526970518e-13,8.21565038222616e-15,0,2.22044604925031e-16,1.94511073914327e-13,-8
-8,-3.33066907387547e-16,-2.22044604925031e-16,3.36841665671272e-13,2.22044604925031e-16,2.02060590481778e-13
2.17936779733918e-13,4.6163073363914e-13,1.59872115546023e-14,-7.99999999999996,-8,1.35891298214119e-13
-8,0,2.46469511466785e-14,-8,1.66533453693773e-13,-8
0,3.21076498721595e-13,-8,-8,-4.44089209850063e-16,3.70592445619877e-13
5.55111512312578e-16,-2.22044604925031e-16,-2.22044604925031e-16,-7.99999999999995,-7.99999999999998,2.86770607260678e-13
3.77253783767628e-13,-8,3.84137166520304e-14,6.99773572421236e-13,-8,-8
2.11164419283705e-13,4.79172257428218e-13,-7.99999999999999,0,-8,8.57092175010621e-14
-2.22044604925031e-16,-8,-7.99999999999991,-8,-8,2.46469511466785e-13
-8,3.33066907387547e-16,7.59392548843607e-14,-2.22044604925031e-16,9.17044218340379e-14,3.33066907387547e-15
1.11022302462516e-16,1.11022302462516e-16,-8,-8,-8,-8
-8,3.33066907387547e-16,4.44089209850063e-16,0,3.33066907387547e-16,0
6.66133814775094e-16,3.64153152077051e-13,-8,2.22155627227494e-13,-8,3.5527136788005e-15
-8,-1.11022302462516e-16,-4.44089209850063e-16,-8,4.44089209850063e-16,1.75415237890775e-14
4.47197834319013e-13,0,3.58157947744075e-13,2.22044604925031e-16,1.13575815419154e-13,-7.99999999999997
-8,-8,6.66133814775094e-16,0,4.44089209850063e-16,0
-2.22044604925031e-16,3.03090885722668e-14,-8,3.14415160573844e-13,2.66786592817425e-13,4.44089209850063e-16
2.95319324550292e-13,3.10862446895044e-15,3.88578058618805e-14,-2.22044604925031e-16,4.44089209850063e-16,3.5527136788005e-15
-8,1.4432899320127e-15,0,0,2.88657986402541e-15,-8
1.93178806284777e-14,1.91624494050302e-13,2.79554157600614e-13,-8,-8,-7.99999999999985
-8,4.92050844513869e-13,2.22044604925031e-16,-8,1.66533453693773e-14,0
-7.99999999999987,5.04929431599521e-13,-8,-8,1.59872115546023e-14,-8
-8,-8,-7.99999999999997,-7.99999999999997,5.54223333892878e-13,3.33066907387547e-16
-8,3.99680288865056e-15,1.11022302462516e-16,2.22044604925031e-16,3.36619621066347e-13,5.32907051820075e-15
-8,3.10862446895044e-15,1.70974345792274e-14,3.33066907387547e-16,-8,1.12576614696991e-13
4.04565270173407e-13,0,2.22044604925031e-16,-7.99999999999992,5.06705788438921e-13,3.66373598126302e-14
-8,0,1.03472785895065e-13,-8,4.44089209850063e-16,4.44089209850063e-16
1.4255263636187e-13,0,5.58553203688916e-13,6.10622663543836e-15,2.63344901441087e-13,-8
3.77919917582403e-13,-8,-8,2.90545365544403e-13,-8,-2.22044604925031e-16
-8,4.78062034403592e-13,-8,0,-8,6.13953332617712e-13
3.33066907387547e-16,4.13669098975333e-13,-8,3.33066907387547e-16,4.94937424377895e-13,-8
2.22044604925031e-16,5.24025267623074e-14,-8,-2.22044604925031e-16,2.34701147405758e-13,4.44089209850063e-16
-8,-8,-4.44089209850063e-16,0,6.32383034826489e-13,-7.99999999999999
-8,0,5.44009282066327e-15,5.10702591327572e-15,4.82947015711943e-13,-1.11022302462516e-16
-8,-8,-8,2.22044604925031e-16,2.27817764653082e-13,1.8052226380405e-13
6.66133814775094e-16,1.33226762955019e-15,-7.99999999999999,-8,1.99840144432528e-15,-4.44089209850063e-16
2.21267448807794e-12,7.66053886991358e-15,-8,2.50910403565285e-14,-7.99999999999997,2.78221889971064e-13
-8,5.41788836017076e-14,1.3988810110277e-13,-8,7.39408534400354e-14,3.33066907387547e-16
-2.22044604925031e-16,-8,-2.22044604925031e-16,-7.99999999999969,2.22044604925031e-16,-8
2.07833750209829e-13,2.55129251058861e-13,-8,8.1645801230934e-13,4.44089209850063e-16,-8
7.03659353007424e-13,5.07371922253697e-13,-2.22044604925031e-16,5.55777646127353e-13,-8,-8
-8,-7.99999999999992,1.65867319878998e-13,-8,4.44089209850063e-16,2.03392858111329e-13
-2.22044604925031e-16,7.97362176285787e-13,-8,2.22044604925031e-16,-8,-8
6.21724893790088e-15,-8,-8,2.04192218689059e-12,-1.11022302462516e-16,-8
-8,-7.99999999999996,-4.44089209850063e-16,1.11022302462516e-16,4.88498130835069e-15,4.59743354497277e-13
4.44089209850063e-16,5.09592368302947e-14,5.46895861930352e-13,4.88498130835069e-15,1.56541446472147e-14,-8
-8,3.10862446895044e-15,-8,8.34776692215655e-13,-7.99999999999996,1.4432899320127e-15
3.02424751907893e-13,0,1.71307412699662e-13,1.11022302462516e-16,5.55111512312578e-16,-8
-4.44089209850063e-16,-8,-8,2.8332891588434e-13,5.59552404411079e-14,4.69513317113979e-13
2.88657986402541e-15,0,-8,0,-2.22044604925031e-16,2.69784194983913e-14
3.11528580709819e-13,-7.9999999999999,1.07913677993565e-13,-2.22044604925031e-16,4.44089209850063e-16,3.530509218308e-14
-8,1.99840144432528e-15,-8,1.36446409726432e-13,-2.22044604925031e-16,4.26436663758523e-13
-8,2.22044604925031e-16,2.77555756156289e-14,4.44089209850063e-16,2.4891200212096e-13,3.33066907387547e-16
4.2232883856741e-13,1.77080572427712e-13,5.03264097062583e-13,-8,0,8.82627304576999e-13
-8,-7.99999999999993,-8,-8,-8,2.26485497023532e-13
-4.44089209850063e-16,1.11022302462516e-16,2.13384865332955e-13,4.44089209850063e-16,-8,-2.22044604925031e-16
3.7292391397159e-13,2.55573340268711e-13,-8,-8,-8,2.22044604925031e-16
-8,-2.22044604925031e-16,2.22044604925031e-16,-8,3.574918139293e-13,-8
-8,2.93765012315816e-13,3.59490215373626e-13,-8,-4.44089209850063e-16,-2.22044604925031e-16
0,0,-8,-8,4.47530901226401e-13,-8
1.47881706880071e-13,-8,7.38298311375729e-14,-8,-8,4.51860771022439e-13
2.22044604925031e-16,-8,5.40678612992451e-13,4.44089209850063e-16,0,-2.22044604925031e-16
6.66133814775094e-16,2.57571741713036e-13,1.11022302462516e-15,-2.22044604925031e-16,2.21267448807794e-13,0
0,-8,5.40123501480139e-13,6.55031584528842e-15,-8,-8
-2.22044604925031e-16,8.23452417364479e-13,-8,-8,2.22044604925031e-16,0
2.22044604925031e-16,4.44089209850063e-16,1.68975944347949e-13,-8,-8,4.44089209850063e-16
6.66133814775094e-16,-7.99999999999999,-8,0,8.88178419700125e-16,3.2129854332652e-13
0,-8,-8,4.66293670342566e-15,-8,4.44089209850063e-16
9.1926466438963e-13,-7.99999999999997,-2.22044604925031e-16,0,9.29256671611256e-14,-2.22044604925031e-16
-8,8.54871728961371e-14,-8,2.43360886997834e-13,4.65738558830253e-13,-8
-7.99999999999999,-8,-7.99999999999997,5.26245713672324e-14,3.02424751907893e-13,4.65405491922866e-13
-4.44089209850063e-16,2.22044604925031e-16,8.22453216642316e-13,1.59872115546023e-14,4.44089209850063e-16,-8
-8,-2.22044604925031e-16,3.58602036953926e-13,2.04170014228566e-13,1.65201186064223e-13,2.40030217923959e-13
0,1.33226762955019e-15,1.40665257220007e-13,-4.44089209850063e-16,-2.22044604925031e-16,1.11022302462516e-15
-8,-8,5.99520433297585e-15,2.27817764653082e-13,-8,2.22044604925031e-16
3.46944695195361e-13,-7.99999999999978,0,2.22044604925031e-16,5.25801624462474e-13,2.44249065417534e-15
2.22044604925031e-16,0,-8,-8,-4.44089209850063e-16,-8
-4.44089209850063e-16,0,4.54192239374152e-13,-8,2.23376872554581e-13,5.98410210272959e-13
8.88178419700125e-16,-8,-8,1.3899992268307e-13,-8,-2.22044604925031e-16
2.69007038866675e-13,-8,-8,-8,-4.44089209850063e-16,3.33066907387547e-16
-8,-8,4.44089209850063e-16,5.1458837191376e-13,-8,-1.11022302462516e-16
0,8.81517081552374e-14,2.22044604925031e-16,2.15716333684668e-13,-2.22044604925031e-16,-2.22044604925031e-16
0,0,3.12194714524594e-13,-8,-8,4.78506123613442e-13
-7.99999999999996,-7.99999999999996,2.22044604925031e-16,-8,4.66293670342566e-15,4.58300064565265e-13
-7.99999999999993,-8,1.37667655053519e-14,-8,1.35780275911657e-13,1.90403248723214e-13
2.88657986402541e-15,-8,-2.22044604925031e-16,7.7715611723761e-15,2.22044604925031e-16,1.11022302462516e-16
-2.22044604925031e-16,-8,1.60982338570648e-13,1.33226762955019e-15,4.2499337382651e-13,-8
-8,-1.11022302462516e-16,-7.99999999999986,1.28119737041743e-13,-8,2.3392399128852e-13
4.11004563716233e-13,-8,-7.99999999999996,-8,1.36335387423969e-13,-8
-2.22044604925031e-16,2.22044604925031e-16,4.86943818600594e-13,3.77586850675016e-13,0,-8
7.59392548843607e-14,7.74713626583434e-13,-8,-8,0,4.44089209850063e-16
6.66133814775094e-16,4.76729766774042e-13,-8,-6.66133814775094e-16,5.85975712397158e-13,-8
2.22044604925031e-16,2.22044604925031e-16,-8,6.66133814775094e-16,-8,1.55431223447522e-15
3.99680288865056e-15,3.25961480029946e-13,1.18793863634892e-14,-8,0,2.22044604925031e-16
3.49054118942149e-13,-7.99999999999991,3.33066907387547e-16,-3.33066907387547e-16,-8,1.11022302462516e-16
-8,3.31290550548147e-13,3.36175531856497e-13,-8,1.0991207943789e-13,-4.44089209850063e-16
3.28626015289046e-14,0,-8,-8,6.21724893790088e-15,4.44089209850063e-16
-8,-8,1.50546242139171e-13,-8,-8,1.31006316905768e-13
-1.11022302462516e-16,9.10382880192628e-15,2.12829753820643e-13,-8,6.66133814775094e-16,-8
2.30482299912182e-13,-8,5.6843418860808e-14,6.66133814775094e-16,4.44089209850063e-16,2.22044604925031e-16
4.44089209850063e-16,7.1276318180935e-14,2.22044604925031e-16,-2.22044604925031e-16,6.82010004027234e-13,-7.99999999999991
1.21014309684142e-14,4.89164264649844e-13,4.84501327946418e-13,2.88657986402541e-15,-8,3.33066907387547e-16
-8,3.85247389544929e-14,-2.22044604925031e-16,-8,0,4.44089209850063e-16
0,-2.22044604925031e-16,-2.22044604925031e-16,-8,2.78665979180914e-14,0
2.95319324550292e-14,4.44089209850063e-16,2.22044604925031e-16,-7.99999999999999,3.48387985127374e-13,1.4432899320127e-15
1.96509475358653e-14,-8,1.56319401867222e-13,-8,2.22044604925031e-15,-8
5.6399329650958e-14,2.76112466224276e-13,7.03437308402499e-13,-8,4.30766533554561e-14,-2.22044604925031e-16
3.64819285891826e-13,2.68896016564213e-13,-8,-8,6.10622663543836e-14,2.22044604925031e-16
0,-8,3.27404769961959e-13,3.33066907387547e-16,-8,-8
4.44089209850063e-16,5.90860693705508e-13,3.33066907387547e-16,1.11022302462516e-16,0,-8
-4.44089209850063e-16,0,2.97983859809392e-13,-8,5.10369524420184e-13,1.01696429055664e-13
-8,4.44089209850063e-16,-8,-8,1.11022302462516e-16,-2.22044604925031e-16
-8,-8,0,-8,-8,-8
-8,-8,2.4971136269869e-12,-8,3.14193115968919e-13,3.33066907387547e-16
-4.44089209850063e-16,4.44089209850063e-16,-8,3.77475828372553e-15,-2.22044604925031e-16,-8
-8,2.22044604925031e-16,2.64233079860787e-14,1.08801856413265e-14,-8,-2.22044604925031e-16
-7.99999999999996,0,2.22044604925031e-16,5.63549207299729e-13,-8,0
-2.22044604925031e-16,-8,-8,4.44089209850063e-16,1.01030295240889e-14,-8
2.22044604925031e-16,-8,0,0,-8,8.70414851306123e-14
3.33066907387547e-15,-8,1.02251540567977e-13,-8,6.39266417579165e-13,1.99840144432528e-15
-7.9999999999999,7.70494779089859e-14,-8,1.11022302462516e-15,3.33066907387547e-16,5.55111512312578e-16
-1.11022302462516e-16,-8,-8,3.39062111720523e-13,-2.22044604925031e-16,9.99200722162641e-16
3.31623617455534e-13,5.55111512312578e-16,9.47020240005259e-14,-8,2.22044604925031e-16,3.50053319664312e-13
3.93907129137006e-13,-8,1.82187598340988e-12,1.85185200507476e-13,5.79092329644482e-13,4.03010957938932e-13
4.88498130835069e-15,1.13242748511766e-14,-4.44089209850063e-16,1.11022302462516e-16,6.66133814775094e-16,3.55826479392363e-13
-4.44089209850063e-16,1.0413891970984e-13,1.11022302462516e-16,1.12354570092066e-13,-4.44089209850063e-16,3.33066907387547e-16
8.46100967066832e-13,8.88178419700125e-16,1.94289029309402e-14,-8,-8,6.06625860655186e-13
9.54791801177635e-15,7.75601805003134e-13,5.77315972805081e-15,5.31574784190525e-13,0,0
5.10702591327572e-15,-8,-8,4.15445455814734e-13,-8,-7.99999999999989
0,-8,-8,-8,-8,-8
5.3357318563485e-13,4.45421477479613e-13,4.44089209850063e-16,-2.22044604925031e-16,4.15223411209809e-13,2.22044604925031e-16
-8,-8,0,3.10862446895044e-15,2.40918396343659e-13,7.7715611723761e-16
2.64233079860787e-14,-6.66133814775094e-16,-8,6.5758509748548e-13,-8,5.40678612992451e-13
0,-8,-2.22044604925031e-16,2.22044604925031e-16,1.11022302462516e-16,4.15889545024584e-13
-8,-7.99999999999997,7.26085858104852e-14,3.81694675866129e-13,1.45439216225896e-14,1.60538249360798e-13
-8,-8,4.44089209850063e-16,1.33226762955019e-15,-8,-8
-2.22044604925031e-16,3.45279360658424e-13,2.76001443921814e-13,0,5.07371922253697e-14,-8
2.22044604925031e-16,-8,-8,-2.22044604925031e-16,5.95634652711396e-13,-4.44089209850063e-16
6.66133814775094e-15,1.33226762955019e-14,8.77076189453874e-15,-8,-2.22044604925031e-16,-8
1.45439216225896e-14,1.83852932877926e-13,1.96620497661115e-13,-8,0,-8
1.88737914186277e-15,5.55555601522428e-13,4.6296300126869e-13,5.25579579857549e-13,-8,1.0680345496894e-13
0,8.4821039081362e-14,0,7.64499574756883e-13,-8,8.88178419700125e-16
3.5793590313915e-13,-8,-6.66133814775094e-16,-8,-7.99999999999978,-4.44089209850063e-16
4.44089209850063e-16,6.84341472378946e-13,2.74558153989801e-13,-3.33066907387547e-16,-8,1.55431223447522e-15
